localId,project,on_crash_log,on_crash_loc_match,patch_source,matched_files,overlap_files,crash_locations,ignored_frames
40096184,skia,1,-1,,,,"/src/skia/src/codec/SkSwizzler.cpp:237:swizzle_index_to_n32(void*, unsigned char const*, int, int, int, int, unsigned int const*);/src/skia/src/codec/SkSwizzler.cpp:1233:SkSwizzler::swizzle(void*, unsigned char const*);/src/skia/src/codec/SkGifCodec.cpp:497:SkGifCodec::haveDecodedRow(int, unsigned char const*, int, int, bool);/src/skia/third_party/gif/SkGifImageReader.cpp:162:SkGIFLZWContext::outputRow(unsigned char const*);/src/skia/third_party/gif/SkGifImageReader.cpp:299:SkGIFLZWContext::doLZW(unsigned char const*, unsigned long);/src/skia/third_party/gif/SkGifImageReader.cpp:404:SkGIFFrameContext::decode(SkStreamBuffer*, SkGifCodec*, bool*);/src/skia/src/codec/SkGifCodec.cpp:374:SkGifCodec::decodeFrame(bool, SkCodec::Options const&, int*);/src/skia/src/codec/SkSampledCodec.cpp:247:SkSampledCodec::sampledDecode(SkImageInfo const&, void*, unsigned long, SkAndroidCodec::AndroidOptions const&);/src/skia/src/codec/SkSampledCodec.cpp:87:SkSampledCodec::onGetAndroidPixels(SkImageInfo const&, void*, unsigned long, SkAndroidCodec::AndroidOptions const&);/src/skia/src/codec/SkAndroidCodec.cpp:393:SkAndroidCodec::getAndroidPixels(SkImageInfo const&, void*, unsigned long, SkAndroidCodec::AndroidOptions const*);/src/skia/fuzz/oss_fuzz/FuzzAndroidCodec.cpp:33:FuzzAndroidCodec(sk_sp<SkData>, unsigned char);/src/skia/src/ports/SkMemory_malloc.cpp:71:sk_malloc_flags(unsigned long, unsigned int);/src/skia/src/core/SkMallocPixelRef.cpp:81:SkMallocPixelRef::MakeUsing(void* (*)(unsigned long), SkImageInfo const&, unsigned long);/src/skia/src/core/SkMallocPixelRef.cpp:91:SkMallocPixelRef::MakeAllocate(SkImageInfo const&, unsigned long);/src/skia/src/core/SkBitmap.cpp:238:SkBitmap::tryAllocPixels(SkImageInfo const&, unsigned long);/src/skia/fuzz/oss_fuzz/FuzzAndroidCodec.cpp:25:FuzzAndroidCodec(sk_sp<SkData>, unsigned char)",7
40096185,skia,1,-1,,,,"/src/skia/src/codec/SkSwizzler.cpp:240:swizzle_index_to_n32(void*, unsigned char const*, int, int, int, int, unsigned int const*);/src/skia/src/codec/SkSwizzler.cpp:1235:SkSwizzler::swizzle(void*, unsigned char const*);/src/skia/src/codec/SkWuffsCodec.cpp:516:SkWuffsCodec::onIncrementalDecode(int*);/src/skia/src/codec/SkCodec.cpp:362:SkCodec::getPixels(SkImageInfo const&, void*, unsigned long, SkCodec::Options const*);/src/skia/src/codec/SkCodecImageGenerator.cpp:55:SkCodecImageGenerator::onGetPixels(SkImageInfo const&, void*, unsigned long, SkImageGenerator::Options const&)::$_0::operator()(SkPixmap const&) const;/src/skia/src/core/SkPixmapPriv.h:49:SkPixmapPriv::Orient(SkPixmap const&, SkEncodedOrigin, std::__1::function<bool (SkPixmap const&)>);/src/skia/src/codec/SkCodecImageGenerator.cpp:66:SkCodecImageGenerator::onGetPixels(SkImageInfo const&, void*, unsigned long, SkImageGenerator::Options const&);/src/skia/src/core/SkImageGenerator.cpp:30:SkImageGenerator::getPixels(SkImageInfo const&, void*, unsigned long);/src/skia/src/image/SkImage_Lazy.cpp:163:generate_pixels(SkImageGenerator*, SkPixmap const&, int, int);/src/skia/src/image/SkImage_Lazy.cpp:192:SkImage_Lazy::getROPixels(SkBitmap*, SkImage::CachingHint) const;/src/skia/src/core/SkDevice.cpp:145:SkBaseDevice::drawImage(SkImage const*, float, float, SkPaint const&);/src/skia/src/core/SkCanvas.cpp:2222:SkCanvas::onDrawImage(SkImage const*, float, float, SkPaint const*);/src/skia/src/core/SkCanvas.cpp:1700:SkCanvas::drawImage(SkImage const*, float, float, SkPaint const*);/src/skia/fuzz/oss_fuzz/FuzzImage.cpp:27:FuzzImageDecode(sk_sp<SkData>);/src/skia/src/ports/SkMemory_malloc.cpp:71:sk_malloc_flags(unsigned long, unsigned int);/src/skia/src/codec/SkWuffsCodec.cpp:893:SkWuffsCodec_MakeFromStream(std::__1::unique_ptr<SkStream, std::__1::default_delete<SkStream> >, SkCodec::Result*);/src/skia/src/codec/SkCodec.cpp:110:SkCodec::MakeFromStream(std::__1::unique_ptr<SkStream, std::__1::default_delete<SkStream> >, SkCodec::Result*, SkPngChunkReader*);/src/skia/src/codec/SkCodec.cpp:133:SkCodec::MakeFromData(sk_sp<SkData>, SkPngChunkReader*);/src/skia/src/codec/SkCodecImageGenerator.cpp:14:SkCodecImageGenerator::MakeFromEncodedCodec(sk_sp<SkData>);/src/skia/src/ports/SkImageGenerator_skia.cpp:12:SkImageGenerator::MakeFromEncodedImpl(sk_sp<SkData>);/src/skia/src/core/SkImageGenerator.cpp:107:SkImageGenerator::MakeFromEncoded(sk_sp<SkData>);/src/skia/src/image/SkImage.cpp:124:SkImage::MakeFromEncoded(sk_sp<SkData>, SkIRect const*);/src/skia/fuzz/oss_fuzz/FuzzImage.cpp:15:FuzzImageDecode(sk_sp<SkData>)",11
42470067,imagemagick,1,-1,,,,"/src/imagemagick/MagickCore/token-private.h:141:GetUTFCode;/src/imagemagick/MagickCore/token.c:568:GlobExpression;/src/imagemagick/MagickCore/property.c:3944:InterpretImageProperties;/src/imagemagick/coders/label.c:127:ReadLABELImage;/src/imagemagick/MagickCore/constitute.c:550:ReadImage;/src/imagemagick/Magick++/lib/Image.cpp:4095:Magick::Image::read(std::__1::basic_string<char, std::__1::char_traits<char>, std::__1::allocator<char> > const&);/src/imagemagick/Magick++/fuzz/encoder_utils.cc:15:fuzzEncoderWithStringFilename(std::__1::basic_string<char, std::__1::char_traits<char>, std::__1::allocator<char> >, unsigned char const*, unsigned long, bool (*)(std::__1::basic_string<char, std::__1::char_traits<char>, std::__1::allocator<char> > const&));/src/imagemagick/MagickCore/memory.c:541:AcquireQuantumMemory;/src/imagemagick/MagickCore/string.c:713:ConstantString;/src/imagemagick/MagickCore/property.c:4574:SetImageProperty;/src/imagemagick/MagickCore/signature.c:555:SignatureImage;/src/imagemagick/MagickCore/property.c:2789:GetMagickPropertyLetter;/src/imagemagick/MagickCore/property.c:2827:GetMagickProperty;/src/imagemagick/MagickCore/property.c:3958:InterpretImageProperties;/src/imagemagick/coders/label.c:127:ReadLABELImage;/src/imagemagick/MagickCore/constitute.c:550:ReadImage;/src/imagemagick/Magick++/lib/Image.cpp:4095:Magick::Image::read(std::__1::basic_string<char, std::__1::char_traits<char>, std::__1::allocator<char> > const&);/src/imagemagick/Magick++/fuzz/encoder_utils.cc:15:fuzzEncoderWithStringFilename(std::__1::basic_string<char, std::__1::char_traits<char>, std::__1::allocator<char> >, unsigned char const*, unsigned long, bool (*)(std::__1::basic_string<char, std::__1::char_traits<char>, std::__1::allocator<char> > const&))",11
42470131,imagemagick,1,-1,,,,/src/imagemagick/MagickCore/draw.c:1590:DrawDashPolygon;/src/imagemagick/MagickCore/draw.c:4721:DrawPrimitive;/src/imagemagick/MagickCore/draw.c:3257:DrawImage;/src/imagemagick/coders/mvg.c:221:ReadMVGImage;/src/imagemagick/MagickCore/constitute.c:497:ReadImage;/src/imagemagick/MagickCore/blob.c:466:BlobToImage;/src/imagemagick/Magick++/lib/Image.cpp:4008:Magick::Image::read(Magick::Blob const&);/src/llvm/projects/compiler-rt/lib/asan/asan_malloc_linux.cc:88:malloc;/src/imagemagick/MagickCore/draw.c:312:CloneDrawInfo;/src/imagemagick/MagickCore/draw.c:2494:DrawImage;/src/imagemagick/coders/mvg.c:221:ReadMVGImage;/src/imagemagick/MagickCore/constitute.c:497:ReadImage;/src/imagemagick/MagickCore/blob.c:466:BlobToImage;/src/imagemagick/Magick++/lib/Image.cpp:4008:Magick::Image::read(Magick::Blob const&),6
42470140,poppler,1,-1,,,,"/src/poppler/poppler/CharCodeToUnicode.cc:276:CharCodeToUnicode::parseCMap(GooString*, int);/src/poppler/poppler/GfxFont.cc:588:GfxFont::readToUnicodeCMap(Dict*, int, CharCodeToUnicode*);/src/poppler/poppler/GfxFont.cc:1780:GfxCIDFont::GfxCIDFont(XRef*, char const*, Ref, GooString*, GfxFontType, Ref, Dict*);/src/poppler/poppler/GfxFont.cc:232:GfxFont::makeFont(XRef*, char const*, Ref, Dict*);/src/poppler/poppler/GfxFont.cc:2411:GfxFontDict::GfxFontDict(XRef*, Ref*, Dict*);/src/poppler/poppler/Gfx.cc:339:GfxResources::GfxResources(XRef*, Dict*, GfxResources*);/src/poppler/poppler/Gfx.cc:551:Gfx::Gfx(PDFDoc*, OutputDev*, int, Dict*, double, double, PDFRectangle*, PDFRectangle*, int, bool (*)(void*), void*, XRef*);/src/poppler/poppler/Page.cc:519:Page::createGfx(OutputDev*, double, double, int, bool, bool, int, int, int, int, bool, bool (*)(void*), void*, XRef*);/src/poppler/poppler/Page.cc:552:Page::displaySlice(OutputDev*, double, double, int, bool, bool, int, int, int, int, bool, bool (*)(void*), void*, bool (*)(Annot*, void*), void*, bool);/src/poppler/poppler/PDFDoc.cc:550:PDFDoc::displayPageSlice(OutputDev*, int, double, double, int, bool, bool, bool, int, int, int, int, bool (*)(void*), void*, bool (*)(Annot*, void*), void*, bool);/src/poppler/cpp/poppler-page-renderer.cpp:300:poppler::page_renderer::render_page(poppler::page const*, double, double, int, int, int, int, poppler::rotation_enum) const;/src/poppler/poppler/CharCodeToUnicode.cc:304:CharCodeToUnicode::parseCMap1(int (*)(void*), void*, int)",5
42470149,poppler,1,-1,,,,"/src/poppler/poppler/CMap.cc:127:CMap::parse(CMapCache*, GooString*, Stream*);/src/poppler/poppler/CMap.cc:80:CMap::parse(CMapCache*, GooString*, Object*);/src/poppler/poppler/GfxFont.cc:1823:GfxCIDFont::GfxCIDFont(XRef*, char const*, Ref, GooString*, GfxFontType, Ref, Dict*);/src/poppler/poppler/GfxFont.cc:232:GfxFont::makeFont(XRef*, char const*, Ref, Dict*);/src/poppler/poppler/GfxFont.cc:2411:GfxFontDict::GfxFontDict(XRef*, Ref*, Dict*);/src/poppler/poppler/Gfx.cc:339:GfxResources::GfxResources(XRef*, Dict*, GfxResources*);/src/poppler/poppler/Gfx.cc:551:Gfx::Gfx(PDFDoc*, OutputDev*, int, Dict*, double, double, PDFRectangle*, PDFRectangle*, int, bool (*)(void*), void*, XRef*);/src/poppler/poppler/Page.cc:519:Page::createGfx(OutputDev*, double, double, int, bool, bool, int, int, int, int, bool, bool (*)(void*), void*, XRef*);/src/poppler/poppler/Page.cc:552:Page::displaySlice(OutputDev*, double, double, int, bool, bool, int, int, int, int, bool, bool (*)(void*), void*, bool (*)(Annot*, void*), void*, bool);/src/poppler/poppler/PDFDoc.cc:550:PDFDoc::displayPageSlice(OutputDev*, int, double, double, int, bool, bool, bool, int, int, int, int, bool (*)(void*), void*, bool (*)(Annot*, void*), void*, bool);/src/poppler/cpp/poppler-page-renderer.cpp:300:poppler::page_renderer::render_page(poppler::page const*, double, double, int, int, int, int, poppler::rotation_enum) const;/src/poppler/poppler/CMap.cc:233:CMap::parse2(CMapCache*, int (*)(void*), void*)",5
42470179,wget2,1,-1,,,,/src/wget2/src/options.c:492:set_char_prefix;/src/wget2/src/options.c:502:parse_included_directories;/src/wget2/src/options.c:2341:set_long_option;/src/wget2/src/options.c:2516:_read_config;/src/wget2/src/options.c:2462:_read_config;/src/wget2/src/options.c:2548:read_config;/src/wget2/src/options.c:2921:init;/src/llvm/projects/compiler-rt/lib/asan/asan_malloc_linux.cc:146:malloc;/src/wget2/libwget/xalloc.c:98:wget_malloc;/src/wget2/src/options.c:472:set_char_prefix;/src/wget2/src/options.c:502:parse_included_directories;/src/wget2/src/options.c:2341:set_long_option;/src/wget2/src/options.c:2516:_read_config;/src/wget2/src/options.c:2462:_read_config;/src/wget2/src/options.c:2548:read_config;/src/wget2/src/options.c:2921:init,10
42470183,wireshark,1,-1,,,,/src/wireshark/epan/proto.c:2267:detect_trailing_stray_characters;/src/wireshark/epan/proto.c:2729:proto_tree_new_item;/src/wireshark/epan/proto.c:3349:ptvcursor_add;/src/wireshark/epan/dissectors/packet-ncp2222.inc:2420:add_ptvc_field;/src/wireshark/epan/dissectors/packet-ncp2222.inc:2583:_process_ptvc_record;/src/wireshark/epan/dissectors/packet-ncp2222.inc:2649:process_ptvc_record;/src/wireshark/epan/dissectors/packet-ncp2222.inc:7223:dissect_ncp_request;/src/wireshark/epan/dissectors/packet-ncp.c:1191:dissect_ncp_common;/src/wireshark/epan/dissectors/packet-ncp.c:1287:dissect_ncp;/src/wireshark/epan/packet.c:692:call_dissector_through_handle;/src/wireshark/epan/packet.c:777:call_dissector_work;/src/wireshark/epan/packet.c:1359:dissector_try_uint_new;/src/wireshark/epan/dissectors/packet-ipx.c:430:dissect_ipx;/src/wireshark/epan/packet.c:692:call_dissector_through_handle;/src/wireshark/epan/packet.c:777:call_dissector_work;/src/wireshark/epan/packet.c:1359:dissector_try_uint_new;/src/wireshark/epan/packet.c:1383:dissector_try_uint;/src/wireshark/epan/dissectors/packet-ppp.c:4788:dissect_ppp_common;/src/wireshark/epan/dissectors/packet-ppp.c:6004:dissect_ppp_raw_hdlc;/src/wireshark/epan/packet.c:692:call_dissector_through_handle;/src/wireshark/epan/packet.c:777:call_dissector_work;/src/wireshark/epan/packet.c:1359:dissector_try_uint_new;/src/wireshark/epan/dissectors/packet-gre.c:501:dissect_gre;/src/wireshark/epan/packet.c:692:call_dissector_through_handle;/src/wireshark/epan/packet.c:777:call_dissector_work;/src/wireshark/epan/packet.c:1359:dissector_try_uint_new;/src/wireshark/epan/dissectors/packet-ip.c:1831:ip_try_dissect;/src/wireshark/epan/dissectors/packet-ipv6.c:2458:ipv6_dissect_next;/src/wireshark/epan/dissectors/packet-ipv6.c:2406:dissect_ipv6;/src/wireshark/epan/packet.c:692:call_dissector_through_handle;/src/wireshark/epan/packet.c:777:call_dissector_work;/src/wireshark/epan/packet.c:3090:call_dissector_only;/src/wireshark/epan/packet.c:3103:call_dissector_with_data;/src/wireshark/epan/dissectors/packet-ip.c:2315:dissect_ip;/src/wireshark/epan/packet.c:692:call_dissector_through_handle;/src/wireshark/epan/packet.c:777:call_dissector_work;/src/wireshark/epan/packet.c:3090:call_dissector_only;/src/wireshark/epan/packet.c:3465:call_all_postdissectors;/src/wireshark/epan/dissectors/packet-frame.c:681:dissect_frame;/src/wireshark/epan/packet.c:692:call_dissector_through_handle;/src/wireshark/epan/packet.c:777:call_dissector_work;/src/wireshark/epan/packet.c:3090:call_dissector_only;/src/wireshark/epan/packet.c:3103:call_dissector_with_data;/src/wireshark/epan/packet.c:566:dissect_record;/src/wireshark/epan/epan.c:533:epan_dissect_run;/src/llvm/projects/compiler-rt/lib/asan/asan_malloc_linux.cc:165:realloc;/src/wireshark/epan/wmem/wmem_strbuf.c:276:wmem_strbuf_finalize;/src/wireshark/epan/proto.c:1675:get_uint_string_value;/src/wireshark/epan/proto.c:2616:proto_tree_new_item;/src/wireshark/epan/proto.c:3349:ptvcursor_add;/src/wireshark/epan/dissectors/packet-ncp2222.inc:2420:add_ptvc_field;/src/wireshark/epan/dissectors/packet-ncp2222.inc:2583:_process_ptvc_record;/src/wireshark/epan/dissectors/packet-ncp2222.inc:2649:process_ptvc_record;/src/wireshark/epan/dissectors/packet-ncp2222.inc:7223:dissect_ncp_request;/src/wireshark/epan/dissectors/packet-ncp.c:1191:dissect_ncp_common;/src/wireshark/epan/dissectors/packet-ncp.c:1287:dissect_ncp;/src/wireshark/epan/packet.c:692:call_dissector_through_handle;/src/wireshark/epan/packet.c:777:call_dissector_work;/src/wireshark/epan/packet.c:1359:dissector_try_uint_new;/src/wireshark/epan/dissectors/packet-ipx.c:430:dissect_ipx;/src/wireshark/epan/packet.c:692:call_dissector_through_handle;/src/wireshark/epan/packet.c:777:call_dissector_work;/src/wireshark/epan/packet.c:1359:dissector_try_uint_new;/src/wireshark/epan/packet.c:1383:dissector_try_uint;/src/wireshark/epan/dissectors/packet-ppp.c:4788:dissect_ppp_common;/src/wireshark/epan/dissectors/packet-ppp.c:6004:dissect_ppp_raw_hdlc;/src/wireshark/epan/packet.c:692:call_dissector_through_handle;/src/wireshark/epan/packet.c:777:call_dissector_work;/src/wireshark/epan/packet.c:1359:dissector_try_uint_new;/src/wireshark/epan/dissectors/packet-gre.c:501:dissect_gre;/src/wireshark/epan/packet.c:692:call_dissector_through_handle;/src/wireshark/epan/packet.c:777:call_dissector_work;/src/wireshark/epan/packet.c:1359:dissector_try_uint_new;/src/wireshark/epan/dissectors/packet-ip.c:1831:ip_try_dissect;/src/wireshark/epan/dissectors/packet-ipv6.c:2458:ipv6_dissect_next;/src/wireshark/epan/dissectors/packet-ipv6.c:2406:dissect_ipv6;/src/wireshark/epan/packet.c:692:call_dissector_through_handle;/src/wireshark/epan/packet.c:777:call_dissector_work;/src/wireshark/epan/packet.c:3090:call_dissector_only;/src/wireshark/epan/packet.c:3103:call_dissector_with_data;/src/wireshark/epan/dissectors/packet-ip.c:2315:dissect_ip;/src/wireshark/epan/packet.c:692:call_dissector_through_handle;/src/wireshark/epan/packet.c:777:call_dissector_work;/src/wireshark/epan/packet.c:3090:call_dissector_only;/src/wireshark/epan/packet.c:3465:call_all_postdissectors,5
42470194,wireshark,1,-1,,,,/src/wireshark/epan/proto.c:2267:detect_trailing_stray_characters;/src/wireshark/epan/proto.c:2729:proto_tree_new_item;/src/wireshark/epan/proto.c:3373:proto_tree_add_item_new;/src/wireshark/epan/dissectors/packet-srvloc.c:886:dissect_srvloc;/src/wireshark/epan/packet.c:692:call_dissector_through_handle;/src/wireshark/epan/packet.c:777:call_dissector_work;/src/wireshark/epan/packet.c:1359:dissector_try_uint_new;/src/wireshark/epan/packet.c:1383:dissector_try_uint;/src/wireshark/epan/dissectors/packet-udp.c:666:decode_udp_ports;/src/wireshark/epan/dissectors/packet-udp.c:1127:dissect;/src/wireshark/epan/dissectors/packet-udp.c:1133:dissect_udp;/src/wireshark/epan/packet.c:692:call_dissector_through_handle;/src/wireshark/epan/packet.c:777:call_dissector_work;/src/wireshark/epan/packet.c:3090:call_dissector_only;/src/wireshark/epan/packet.c:3465:call_all_postdissectors;/src/wireshark/epan/dissectors/packet-frame.c:681:dissect_frame;/src/wireshark/epan/packet.c:692:call_dissector_through_handle;/src/wireshark/epan/packet.c:777:call_dissector_work;/src/wireshark/epan/packet.c:3090:call_dissector_only;/src/wireshark/epan/packet.c:3103:call_dissector_with_data;/src/wireshark/epan/packet.c:566:dissect_record;/src/wireshark/epan/epan.c:533:epan_dissect_run;/src/llvm/projects/compiler-rt/lib/asan/asan_malloc_linux.cc:165:realloc;/src/wireshark/epan/wmem/wmem_strbuf.c:276:wmem_strbuf_finalize;/src/wireshark/epan/proto.c:1614:get_string_value;/src/wireshark/epan/proto.c:2568:proto_tree_new_item;/src/wireshark/epan/proto.c:3373:proto_tree_add_item_new;/src/wireshark/epan/dissectors/packet-srvloc.c:886:dissect_srvloc;/src/wireshark/epan/packet.c:692:call_dissector_through_handle;/src/wireshark/epan/packet.c:777:call_dissector_work;/src/wireshark/epan/packet.c:1359:dissector_try_uint_new;/src/wireshark/epan/packet.c:1383:dissector_try_uint;/src/wireshark/epan/dissectors/packet-udp.c:666:decode_udp_ports;/src/wireshark/epan/dissectors/packet-udp.c:1127:dissect;/src/wireshark/epan/dissectors/packet-udp.c:1133:dissect_udp;/src/wireshark/epan/packet.c:692:call_dissector_through_handle;/src/wireshark/epan/packet.c:777:call_dissector_work;/src/wireshark/epan/packet.c:3090:call_dissector_only;/src/wireshark/epan/packet.c:3465:call_all_postdissectors;/src/wireshark/epan/dissectors/packet-frame.c:681:dissect_frame;/src/wireshark/epan/packet.c:692:call_dissector_through_handle;/src/wireshark/epan/packet.c:777:call_dissector_work;/src/wireshark/epan/packet.c:3090:call_dissector_only;/src/wireshark/epan/packet.c:3103:call_dissector_with_data;/src/wireshark/epan/packet.c:566:dissect_record;/src/wireshark/epan/epan.c:533:epan_dissect_run,6
42470226,aom,1,-1,,,,/src/aom/av1/decoder/decodeframe.c:99:set_planes_to_neutral_grey;/src/aom/av1/decoder/decodeframe.c:4398:reset_frame_buffers;/src/aom/av1/decoder/decodeframe.c:4489:read_uncompressed_header;/src/aom/av1/decoder/decodeframe.c:5085:av1_decode_frame_headers_and_setup;/src/aom/av1/decoder/obu.c:291:read_frame_header_obu;/src/aom/av1/decoder/obu.c:728:aom_decode_frame_from_obus;/src/aom/av1/decoder/decoder.c:501:av1_receive_compressed_data;/src/aom/av1/av1_dx_iface.c:346:frame_worker_hook;/src/aom/aom_util/aom_thread.c:135:execute;/src/aom/av1/av1_dx_iface.c:503:decode_one;/src/aom/av1/av1_dx_iface.c:587:decoder_decode;/src/aom/aom/src/aom_decoder.c:111:aom_codec_decode;/src/aom/av1/common/frame_buffers.c:56:av1_get_frame_buffer;/src/aom/aom_scale/generic/yv12config.c:98:aom_realloc_frame_buffer;/src/aom/av1/decoder/decodeframe.c:2093:setup_buffer_pool;/src/aom/av1/decoder/decodeframe.c:2148:setup_frame_size;/src/aom/av1/decoder/decodeframe.c:4704:read_uncompressed_header;/src/aom/av1/decoder/decodeframe.c:5085:av1_decode_frame_headers_and_setup;/src/aom/av1/decoder/obu.c:291:read_frame_header_obu;/src/aom/av1/decoder/obu.c:728:aom_decode_frame_from_obus;/src/aom/av1/decoder/decoder.c:501:av1_receive_compressed_data;/src/aom/av1/av1_dx_iface.c:346:frame_worker_hook;/src/aom/aom_util/aom_thread.c:135:execute;/src/aom/av1/av1_dx_iface.c:503:decode_one;/src/aom/av1/av1_dx_iface.c:587:decoder_decode;/src/aom/aom/src/aom_decoder.c:111:aom_codec_decode;/src/llvm/projects/compiler-rt/lib/asan/asan_malloc_linux.cc:146:malloc;/src/aom/aom_mem/aom_mem.c:55:aom_memalign;/src/aom/aom_mem/aom_mem.c:63:aom_malloc;/src/aom/aom_mem/aom_mem.c:67:aom_calloc;/src/aom/av1/common/frame_buffers.c:60:av1_get_frame_buffer;/src/aom/aom_scale/generic/yv12config.c:98:aom_realloc_frame_buffer;/src/aom/av1/decoder/decodeframe.c:2093:setup_buffer_pool;/src/aom/av1/decoder/decodeframe.c:2148:setup_frame_size;/src/aom/av1/decoder/decodeframe.c:4704:read_uncompressed_header;/src/aom/av1/decoder/decodeframe.c:5085:av1_decode_frame_headers_and_setup;/src/aom/av1/decoder/obu.c:291:read_frame_header_obu;/src/aom/av1/decoder/obu.c:728:aom_decode_frame_from_obus;/src/aom/av1/decoder/decoder.c:501:av1_receive_compressed_data;/src/aom/av1/av1_dx_iface.c:346:frame_worker_hook;/src/aom/aom_util/aom_thread.c:135:execute;/src/aom/av1/av1_dx_iface.c:503:decode_one;/src/aom/av1/av1_dx_iface.c:587:decoder_decode;/src/aom/aom/src/aom_decoder.c:111:aom_codec_decode,16
42470230,aom,1,-1,,,,/src/aom/av1/decoder/decodeframe.c:99:set_planes_to_neutral_grey;/src/aom/av1/decoder/decodeframe.c:4398:reset_frame_buffers;/src/aom/av1/decoder/decodeframe.c:4489:read_uncompressed_header;/src/aom/av1/decoder/decodeframe.c:5085:av1_decode_frame_headers_and_setup;/src/aom/av1/decoder/obu.c:291:read_frame_header_obu;/src/aom/av1/decoder/obu.c:728:aom_decode_frame_from_obus;/src/aom/av1/decoder/decoder.c:501:av1_receive_compressed_data;/src/aom/av1/av1_dx_iface.c:346:frame_worker_hook;/src/aom/aom_util/aom_thread.c:135:execute;/src/aom/av1/av1_dx_iface.c:503:decode_one;/src/aom/av1/av1_dx_iface.c:587:decoder_decode;/src/aom/aom/src/aom_decoder.c:111:aom_codec_decode,5
42470283,aom,1,-1,,,,/src/aom/av1/common/thread_common.c:599:enqueue_lr_jobs;/src/aom/av1/common/thread_common.c:743:foreach_rest_unit_in_planes_mt;/src/aom/av1/common/thread_common.c:780:av1_loop_restoration_filter_frame_mt;/src/aom/av1/decoder/obu.c:342:read_one_tile_group_obu;/src/aom/av1/decoder/obu.c:783:aom_decode_frame_from_obus;/src/aom/av1/decoder/decoder.c:499:av1_receive_compressed_data;/src/aom/av1/av1_dx_iface.c:348:frame_worker_hook;/src/aom/aom_util/aom_thread.c:135:execute;/src/aom/av1/av1_dx_iface.c:505:decode_one;/src/aom/av1/av1_dx_iface.c:589:decoder_decode;/src/aom/aom/src/aom_decoder.c:111:aom_codec_decode;/src/llvm/projects/compiler-rt/lib/asan/asan_malloc_linux.cc:146:malloc;/src/aom/aom_mem/aom_mem.c:55:aom_memalign;/src/aom/aom_mem/aom_mem.c:63:aom_malloc;/src/aom/av1/common/thread_common.c:499:loop_restoration_alloc;/src/aom/av1/common/thread_common.c:733:foreach_rest_unit_in_planes_mt;/src/aom/av1/common/thread_common.c:780:av1_loop_restoration_filter_frame_mt;/src/aom/av1/decoder/obu.c:342:read_one_tile_group_obu;/src/aom/av1/decoder/obu.c:783:aom_decode_frame_from_obus;/src/aom/av1/decoder/decoder.c:499:av1_receive_compressed_data;/src/aom/av1/av1_dx_iface.c:348:frame_worker_hook;/src/aom/aom_util/aom_thread.c:135:execute;/src/aom/av1/av1_dx_iface.c:505:decode_one;/src/aom/av1/av1_dx_iface.c:589:decoder_decode;/src/aom/aom/src/aom_decoder.c:111:aom_codec_decode,6
42470339,libxml2,1,-1,,,,/src/libxml2/SAX2.c:2042:xmlSAX2AttributeNs;/src/libxml2/parser.c:9583:xmlParseStartTag2;/src/libxml2/parser.c:9928:xmlParseElement;/src/libxml2/parser.c:9846:xmlParseContent;/src/libxml2/parser.c:10014:xmlParseElement;/src/libxml2/parser.c:9846:xmlParseContent;/src/libxml2/parser.c:10014:xmlParseElement;/src/libxml2/parser.c:9846:xmlParseContent;/src/libxml2/parser.c:10014:xmlParseElement;/src/libxml2/parser.c:9846:xmlParseContent;/src/libxml2/parser.c:10014:xmlParseElement;/src/libxml2/parser.c:9846:xmlParseContent;/src/libxml2/parser.c:10014:xmlParseElement;/src/libxml2/parser.c:9846:xmlParseContent;/src/libxml2/parser.c:10014:xmlParseElement;/src/libxml2/parser.c:9846:xmlParseContent;/src/libxml2/parser.c:10014:xmlParseElement;/src/libxml2/parser.c:9846:xmlParseContent;/src/libxml2/parser.c:10014:xmlParseElement;/src/libxml2/parser.c:9846:xmlParseContent;/src/libxml2/parser.c:10014:xmlParseElement;/src/libxml2/parser.c:9846:xmlParseContent;/src/libxml2/parser.c:10014:xmlParseElement;/src/libxml2/parser.c:9846:xmlParseContent;/src/libxml2/parser.c:10014:xmlParseElement;/src/libxml2/parser.c:9846:xmlParseContent;/src/libxml2/parser.c:10014:xmlParseElement;/src/libxml2/parser.c:9846:xmlParseContent;/src/libxml2/parser.c:10014:xmlParseElement;/src/libxml2/parser.c:9846:xmlParseContent;/src/libxml2/parser.c:10014:xmlParseElement;/src/libxml2/parser.c:9846:xmlParseContent;/src/libxml2/parser.c:10014:xmlParseElement;/src/libxml2/parser.c:9846:xmlParseContent;/src/libxml2/parser.c:10014:xmlParseElement;/src/libxml2/parser.c:9846:xmlParseContent;/src/libxml2/parser.c:10014:xmlParseElement;/src/libxml2/parser.c:9846:xmlParseContent;/src/libxml2/parser.c:10014:xmlParseElement;/src/libxml2/parser.c:9846:xmlParseContent;/src/libxml2/parser.c:10014:xmlParseElement;/src/libxml2/parser.c:9846:xmlParseContent;/src/libxml2/parser.c:10014:xmlParseElement;/src/libxml2/parser.c:9846:xmlParseContent;/src/libxml2/parser.c:10014:xmlParseElement;/src/libxml2/parser.c:9846:xmlParseContent;/src/libxml2/parser.c:10014:xmlParseElement;/src/libxml2/parser.c:9846:xmlParseContent;/src/libxml2/parser.c:10014:xmlParseElement;/src/libxml2/parser.c:9846:xmlParseContent;/src/libxml2/parser.c:10014:xmlParseElement;/src/libxml2/parser.c:9846:xmlParseContent;/src/libxml2/parser.c:10014:xmlParseElement;/src/libxml2/parser.c:9846:xmlParseContent;/src/libxml2/parser.c:10014:xmlParseElement;/src/libxml2/parser.c:9846:xmlParseContent;/src/libxml2/parser.c:10014:xmlParseElement;/src/libxml2/parser.c:9846:xmlParseContent;/src/libxml2/parser.c:10014:xmlParseElement;/src/libxml2/parser.c:9846:xmlParseContent;/src/libxml2/parser.c:10014:xmlParseElement;/src/libxml2/parser.c:9846:xmlParseContent;/src/libxml2/parser.c:10014:xmlParseElement;/src/libxml2/parser.c:9846:xmlParseContent;/src/libxml2/parser.c:10014:xmlParseElement;/src/libxml2/parser.c:9846:xmlParseContent;/src/libxml2/parser.c:10014:xmlParseElement;/src/libxml2/parser.c:9846:xmlParseContent;/src/libxml2/parser.c:10014:xmlParseElement;/src/libxml2/parser.c:9846:xmlParseContent;/src/libxml2/parser.c:10014:xmlParseElement;/src/libxml2/parser.c:9846:xmlParseContent;/src/libxml2/parser.c:10014:xmlParseElement;/src/libxml2/parser.c:9846:xmlParseContent;/src/libxml2/parser.c:10014:xmlParseElement;/src/libxml2/parser.c:9846:xmlParseContent;/src/libxml2/parser.c:10014:xmlParseElement;/src/libxml2/parser.c:9846:xmlParseContent;/src/libxml2/parser.c:10014:xmlParseElement;/src/libxml2/parser.c:9846:xmlParseContent;/src/libxml2/parser.c:10014:xmlParseElement;/src/libxml2/parser.c:9846:xmlParseContent;/src/libxml2/parser.c:10014:xmlParseElement;/src/libxml2/parser.c:9846:xmlParseContent;/src/libxml2/parser.c:10014:xmlParseElement;/src/libxml2/parser.c:9846:xmlParseContent;/src/libxml2/parser.c:10014:xmlParseElement;/src/libxml2/parser.c:9846:xmlParseContent;/src/libxml2/parser.c:10014:xmlParseElement;/src/libxml2/parser.c:9846:xmlParseContent;/src/libxml2/parser.c:10014:xmlParseElement;/src/libxml2/parser.c:9846:xmlParseContent;/src/libxml2/parser.c:10014:xmlParseElement;/src/libxml2/parser.c:9846:xmlParseContent;/src/libxml2/parser.c:10014:xmlParseElement;/src/libxml2/parser.c:9846:xmlParseContent;/src/libxml2/parser.c:10014:xmlParseElement;/src/libxml2/parser.c:9846:xmlParseContent;/src/libxml2/parser.c:10014:xmlParseElement;/src/libxml2/parser.c:9846:xmlParseContent;/src/libxml2/parser.c:10014:xmlParseElement;/src/libxml2/parser.c:9846:xmlParseContent;/src/libxml2/parser.c:10014:xmlParseElement;/src/libxml2/parser.c:9846:xmlParseContent;/src/libxml2/parser.c:10014:xmlParseElement;/src/libxml2/parser.c:9846:xmlParseContent;/src/libxml2/parser.c:10014:xmlParseElement;/src/libxml2/parser.c:9846:xmlParseContent;/src/libxml2/parser.c:10014:xmlParseElement;/src/libxml2/parser.c:9846:xmlParseContent;/src/libxml2/parser.c:10014:xmlParseElement;/src/libxml2/parser.c:9846:xmlParseContent;/src/libxml2/parser.c:10014:xmlParseElement;/src/libxml2/parser.c:9846:xmlParseContent;/src/libxml2/parser.c:10014:xmlParseElement;/src/libxml2/parser.c:9846:xmlParseContent;/src/libxml2/parser.c:10014:xmlParseElement;/src/libxml2/parser.c:9846:xmlParseContent;/src/libxml2/parser.c:10014:xmlParseElement;/src/libxml2/parser.c:9846:xmlParseContent;/src/libxml2/parser.c:10014:xmlParseElement;/src/libxml2/parser.c:9846:xmlParseContent;/src/libxml2/parser.c:10014:xmlParseElement;/src/libxml2/parser.c:9846:xmlParseContent;/src/libxml2/parser.c:10014:xmlParseElement;/src/libxml2/parser.c:9846:xmlParseContent;/src/libxml2/parser.c:10014:xmlParseElement;/src/libxml2/parser.c:9846:xmlParseContent;/src/libxml2/parser.c:10014:xmlParseElement;/src/libxml2/parser.c:9846:xmlParseContent;/src/libxml2/parser.c:10014:xmlParseElement;/src/libxml2/parser.c:9846:xmlParseContent;/src/libxml2/parser.c:10014:xmlParseElement;/src/libxml2/parser.c:9846:xmlParseContent;/src/libxml2/parser.c:10014:xmlParseElement;/src/libxml2/parser.c:9846:xmlParseContent;/src/libxml2/parser.c:10014:xmlParseElement;/src/libxml2/parser.c:9846:xmlParseContent;/src/libxml2/parser.c:10014:xmlParseElement;/src/libxml2/parser.c:9846:xmlParseContent;/src/libxml2/parser.c:10014:xmlParseElement;/src/libxml2/parser.c:9846:xmlParseContent;/src/libxml2/parser.c:10014:xmlParseElement;/src/libxml2/parser.c:9846:xmlParseContent;/src/libxml2/parser.c:10014:xmlParseElement;/src/libxml2/parser.c:9846:xmlParseContent;/src/libxml2/parser.c:10014:xmlParseElement;/src/libxml2/parser.c:9846:xmlParseContent;/src/libxml2/parser.c:10014:xmlParseElement;/src/libxml2/parser.c:9846:xmlParseContent;/src/libxml2/parser.c:10014:xmlParseElement;/src/libxml2/parser.c:9846:xmlParseContent;/src/libxml2/parser.c:10014:xmlParseElement;/src/libxml2/parser.c:9846:xmlParseContent;/src/libxml2/parser.c:10014:xmlParseElement;/src/libxml2/parser.c:9846:xmlParseContent;/src/libxml2/parser.c:10014:xmlParseElement;/src/libxml2/parser.c:9846:xmlParseContent;/src/libxml2/parser.c:10014:xmlParseElement;/src/libxml2/parser.c:9846:xmlParseContent;/src/libxml2/parser.c:10014:xmlParseElement;/src/libxml2/parser.c:9846:xmlParseContent;/src/libxml2/parser.c:10014:xmlParseElement;/src/libxml2/parser.c:9846:xmlParseContent;/src/libxml2/parser.c:10014:xmlParseElement;/src/libxml2/parser.c:9846:xmlParseContent;/src/libxml2/parser.c:10014:xmlParseElement;/src/libxml2/parser.c:9846:xmlParseContent;/src/libxml2/parser.c:10014:xmlParseElement;/src/libxml2/parser.c:9846:xmlParseContent;/src/libxml2/parser.c:10014:xmlParseElement;/src/libxml2/parser.c:9846:xmlParseContent;/src/libxml2/parser.c:10014:xmlParseElement;/src/libxml2/parser.c:9846:xmlParseContent;/src/libxml2/parser.c:10014:xmlParseElement;/src/libxml2/parser.c:9846:xmlParseContent;/src/libxml2/parser.c:10014:xmlParseElement;/src/libxml2/parser.c:9846:xmlParseContent;/src/libxml2/parser.c:10014:xmlParseElement;/src/libxml2/parser.c:9846:xmlParseContent;/src/libxml2/parser.c:10014:xmlParseElement;/src/libxml2/parser.c:9846:xmlParseContent;/src/libxml2/parser.c:10014:xmlParseElement;/src/libxml2/parser.c:9846:xmlParseContent;/src/libxml2/parser.c:10014:xmlParseElement;/src/libxml2/parser.c:9846:xmlParseContent;/src/libxml2/parser.c:10014:xmlParseElement;/src/libxml2/parser.c:9846:xmlParseContent;/src/libxml2/parser.c:10014:xmlParseElement;/src/libxml2/parser.c:9846:xmlParseContent;/src/libxml2/parser.c:10014:xmlParseElement;/src/libxml2/parser.c:9846:xmlParseContent;/src/libxml2/parser.c:10014:xmlParseElement;/src/libxml2/parser.c:9846:xmlParseContent;/src/libxml2/parser.c:10014:xmlParseElement;/src/libxml2/parser.c:9846:xmlParseContent;/src/libxml2/parser.c:10014:xmlParseElement;/src/libxml2/parser.c:9846:xmlParseContent;/src/libxml2/parser.c:10014:xmlParseElement;/src/libxml2/parser.c:9846:xmlParseContent;/src/libxml2/parser.c:10014:xmlParseElement;/src/libxml2/parser.c:9846:xmlParseContent;/src/libxml2/parser.c:10014:xmlParseElement;/src/libxml2/parser.c:9846:xmlParseContent;/src/libxml2/parser.c:10014:xmlParseElement;/src/libxml2/parser.c:9846:xmlParseContent;/src/libxml2/parser.c:10014:xmlParseElement;/src/libxml2/parser.c:9846:xmlParseContent;/src/libxml2/parser.c:10014:xmlParseElement;/src/libxml2/parser.c:9846:xmlParseContent;/src/libxml2/parser.c:10014:xmlParseElement;/src/libxml2/parser.c:9846:xmlParseContent;/src/libxml2/parser.c:10014:xmlParseElement;/src/libxml2/parser.c:9846:xmlParseContent;/src/libxml2/parser.c:10014:xmlParseElement;/src/libxml2/parser.c:9846:xmlParseContent;/src/libxml2/parser.c:10014:xmlParseElement;/src/libxml2/parser.c:9846:xmlParseContent;/src/libxml2/parser.c:10014:xmlParseElement;/src/libxml2/parser.c:9846:xmlParseContent;/src/libxml2/parser.c:10014:xmlParseElement;/src/libxml2/parser.c:9846:xmlParseContent;/src/libxml2/parser.c:10014:xmlParseElement;/src/libxml2/parser.c:9846:xmlParseContent;/src/libxml2/parser.c:10014:xmlParseElement;/src/libxml2/parser.c:9846:xmlParseContent;/src/libxml2/parser.c:10014:xmlParseElement;/src/libxml2/parser.c:9846:xmlParseContent;/src/libxml2/parser.c:10014:xmlParseElement;/src/libxml2/parser.c:9846:xmlParseContent;/src/libxml2/parser.c:10014:xmlParseElement;/src/libxml2/parser.c:9846:xmlParseContent;/src/libxml2/parser.c:10014:xmlParseElement;/src/libxml2/parser.c:9846:xmlParseContent;/src/libxml2/parser.c:10014:xmlParseElement;/src/libxml2/parser.c:9846:xmlParseContent;/src/libxml2/parser.c:10014:xmlParseElement;/src/libxml2/parser.c:9846:xmlParseContent;/src/libxml2/parser.c:10014:xmlParseElement;/src/libxml2/parser.c:9846:xmlParseContent;/src/libxml2/parser.c:10014:xmlParseElement;/src/libxml2/parser.c:9846:xmlParseContent;/src/libxml2/parser.c:10014:xmlParseElement;/src/libxml2/parser.c:9846:xmlParseContent;/src/libxml2/parser.c:10014:xmlParseElement;/src/libxml2/parser.c:9846:xmlParseContent;/src/libxml2/parser.c:10014:xmlParseElement;/src/libxml2/parser.c:9846:xmlParseContent;/src/libxml2/parser.c:10014:xmlParseElement;/src/libxml2/parser.c:9846:xmlParseContent;/src/libxml2/parser.c:10014:xmlParseElement;/src/libxml2/xmlIO.c:2479:xmlFreeParserInputBuffer;/src/libxml2/parser.c:12466:xmlHaltParser;/src/libxml2/parser.c:1788:nodePush;/src/libxml2/SAX2.c:2339:xmlSAX2StartElementNs;/src/libxml2/parser.c:9583:xmlParseStartTag2;/src/libxml2/parser.c:9928:xmlParseElement;/src/libxml2/parser.c:9846:xmlParseContent;/src/libxml2/parser.c:10014:xmlParseElement;/src/libxml2/parser.c:9846:xmlParseContent;/src/libxml2/parser.c:10014:xmlParseElement;/src/libxml2/parser.c:9846:xmlParseContent;/src/libxml2/parser.c:10014:xmlParseElement;/src/libxml2/parser.c:9846:xmlParseContent;/src/libxml2/parser.c:10014:xmlParseElement;/src/libxml2/parser.c:9846:xmlParseContent;/src/libxml2/parser.c:10014:xmlParseElement;/src/libxml2/parser.c:9846:xmlParseContent;/src/libxml2/parser.c:10014:xmlParseElement;/src/libxml2/parser.c:9846:xmlParseContent;/src/libxml2/parser.c:10014:xmlParseElement;/src/libxml2/parser.c:9846:xmlParseContent;/src/libxml2/parser.c:10014:xmlParseElement;/src/libxml2/parser.c:9846:xmlParseContent;/src/libxml2/parser.c:10014:xmlParseElement;/src/libxml2/parser.c:9846:xmlParseContent;/src/libxml2/parser.c:10014:xmlParseElement;/src/libxml2/parser.c:9846:xmlParseContent;/src/libxml2/parser.c:10014:xmlParseElement;/src/llvm/projects/compiler-rt/lib/asan/asan_malloc_linux.cc:146:malloc;/src/libxml2/buf.c:172:xmlBufCreateSize;/src/libxml2/xmlIO.c:2333:xmlAllocParserInputBuffer;/src/libxml2/xmlIO.c:2932:xmlParserInputBufferCreateMem;/src/libxml2/parser.c:14384:xmlCreateMemoryParserCtxt;/src/libxml2/parser.c:13367:xmlParseBalancedChunkMemoryInternal;/src/libxml2/parser.c:7110:xmlParseReference;/src/libxml2/parser.c:9855:xmlParseContent;/src/libxml2/parser.c:10014:xmlParseElement;/src/libxml2/parser.c:10711:xmlParseDocument;/src/libxml2/parser.c:15196:xmlDoRead,6
42470340,skia,1,-1,,,,"/src/skia/include/core/SkColorSpace.h:76:SkColorSpaceTransferFn::operator()(float) const;/src/skia/src/core/SkColorSpaceXformSteps.cpp:104:SkColorSpaceXformSteps::apply(float*) const;/src/skia/src/shaders/SkColorShader.cpp:111:to_skcolor(SkColor4f, SkColorSpace*);/src/skia/src/shaders/SkColorShader.cpp:120:SkColor4Shader::SkColor4Shader(SkColor4f const&, sk_sp<SkColorSpace>);/src/skia/include/core/SkRefCnt.h:406:sk_sp<SkColor4Shader> sk_make_sp<SkColor4Shader, SkColor4f const&, sk_sp<SkColorSpace> >(SkColor4f const&, sk_sp<SkColorSpace>&&);/src/skia/src/shaders/SkColorShader.cpp:235:SkShader::MakeColorShader(SkColor4f const&, sk_sp<SkColorSpace>);/src/skia/src/shaders/gradients/SkGradientShader.cpp:785:SkGradientShader::MakeRadial(SkPoint const&, float, SkColor4f const*, sk_sp<SkColorSpace>, float const*, int, SkShader::TileMode, unsigned int, SkMatrix const*);/src/skia/src/shaders/gradients/SkRadialGradient.cpp:51:SkRadialGradient::CreateProc(SkReadBuffer&);/src/skia/src/core/SkReadBuffer.cpp:454:SkReadBuffer::readFlattenable(SkFlattenable::Type);/src/skia/src/core/SkReadBuffer.h:154:sk_sp<SkPathEffect> SkReadBuffer::readFlattenable<SkPathEffect>();/src/skia/src/core/SkReadBuffer.h:160:SkReadBuffer::readPathEffect();/src/skia/src/core/SkPaint.cpp:1261:SkPaintPriv::Unflatten(SkPaint*, SkReadBuffer&);/src/skia/src/core/SkTextBlob.cpp:851:SkTextBlobPriv::MakeFromBuffer(SkReadBuffer&);/src/skia/fuzz/oss_fuzz/FuzzTextBlobDeserialize.cpp:15:FuzzTextBlobDeserialize(SkReadBuffer&);/src/skia/src/core/SkColorSpaceXformSteps.cpp:98:SkColorSpaceXformSteps::apply(float*) const;/src/skia/src/shaders/SkColorShader.cpp:111:to_skcolor(SkColor4f, SkColorSpace*);/src/skia/src/shaders/SkColorShader.cpp:120:SkColor4Shader::SkColor4Shader(SkColor4f const&, sk_sp<SkColorSpace>);/src/skia/include/core/SkRefCnt.h:406:sk_sp<SkColor4Shader> sk_make_sp<SkColor4Shader, SkColor4f const&, sk_sp<SkColorSpace> >(SkColor4f const&, sk_sp<SkColorSpace>&&);/src/skia/src/shaders/SkColorShader.cpp:235:SkShader::MakeColorShader(SkColor4f const&, sk_sp<SkColorSpace>);/src/skia/src/shaders/gradients/SkGradientShader.cpp:785:SkGradientShader::MakeRadial(SkPoint const&, float, SkColor4f const*, sk_sp<SkColorSpace>, float const*, int, SkShader::TileMode, unsigned int, SkMatrix const*);/src/skia/src/shaders/gradients/SkRadialGradient.cpp:51:SkRadialGradient::CreateProc(SkReadBuffer&);/src/skia/src/core/SkReadBuffer.cpp:454:SkReadBuffer::readFlattenable(SkFlattenable::Type);/src/skia/src/core/SkReadBuffer.h:154:sk_sp<SkPathEffect> SkReadBuffer::readFlattenable<SkPathEffect>();/src/skia/src/core/SkReadBuffer.h:160:SkReadBuffer::readPathEffect();/src/skia/src/core/SkPaint.cpp:1261:SkPaintPriv::Unflatten(SkPaint*, SkReadBuffer&);/src/skia/src/core/SkTextBlob.cpp:851:SkTextBlobPriv::MakeFromBuffer(SkReadBuffer&);/src/skia/fuzz/oss_fuzz/FuzzTextBlobDeserialize.cpp:15:FuzzTextBlobDeserialize(SkReadBuffer&);/src/skia/src/shaders/SkColorShader.cpp:108:to_skcolor(SkColor4f, SkColorSpace*)",10
42470348,libxml2,1,-1,,,,/src/llvm/projects/compiler-rt/lib/asan/asan_interceptors_memintrinsics.cc:23:__asan_memcpy;/src/libxml2/xmlstring.c:50:xmlStrndup;/src/libxml2/SAX2.c:1902:xmlSAX2TextNode;/src/libxml2/SAX2.c:2065:xmlSAX2AttributeNs;/src/libxml2/parser.c:9583:xmlParseStartTag2;/src/libxml2/parser.c:9928:xmlParseElement;/src/libxml2/parser.c:9846:xmlParseContent;/src/libxml2/parser.c:10014:xmlParseElement;/src/libxml2/parser.c:9846:xmlParseContent;/src/libxml2/parser.c:10014:xmlParseElement;/src/libxml2/parser.c:9846:xmlParseContent;/src/libxml2/parser.c:10014:xmlParseElement;/src/libxml2/parser.c:9846:xmlParseContent;/src/libxml2/parser.c:10014:xmlParseElement;/src/libxml2/parser.c:9846:xmlParseContent;/src/libxml2/parser.c:10014:xmlParseElement;/src/libxml2/parser.c:9846:xmlParseContent;/src/libxml2/parser.c:10014:xmlParseElement;/src/libxml2/parser.c:9846:xmlParseContent;/src/libxml2/parser.c:10014:xmlParseElement;/src/libxml2/parser.c:9846:xmlParseContent;/src/libxml2/parser.c:10014:xmlParseElement;/src/libxml2/parser.c:9846:xmlParseContent;/src/libxml2/parser.c:10014:xmlParseElement;/src/libxml2/parser.c:9846:xmlParseContent;/src/libxml2/parser.c:10014:xmlParseElement;/src/libxml2/parser.c:9846:xmlParseContent;/src/libxml2/parser.c:10014:xmlParseElement;/src/libxml2/parser.c:9846:xmlParseContent;/src/libxml2/parser.c:10014:xmlParseElement;/src/libxml2/parser.c:9846:xmlParseContent;/src/libxml2/parser.c:10014:xmlParseElement;/src/libxml2/parser.c:9846:xmlParseContent;/src/libxml2/parser.c:10014:xmlParseElement;/src/libxml2/parser.c:9846:xmlParseContent;/src/libxml2/parser.c:10014:xmlParseElement;/src/libxml2/parser.c:9846:xmlParseContent;/src/libxml2/parser.c:10014:xmlParseElement;/src/libxml2/parser.c:9846:xmlParseContent;/src/libxml2/parser.c:10014:xmlParseElement;/src/libxml2/parser.c:9846:xmlParseContent;/src/libxml2/parser.c:10014:xmlParseElement;/src/libxml2/parser.c:9846:xmlParseContent;/src/libxml2/parser.c:10014:xmlParseElement;/src/libxml2/parser.c:9846:xmlParseContent;/src/libxml2/parser.c:10014:xmlParseElement;/src/libxml2/parser.c:9846:xmlParseContent;/src/libxml2/parser.c:10014:xmlParseElement;/src/libxml2/parser.c:9846:xmlParseContent;/src/libxml2/parser.c:10014:xmlParseElement;/src/libxml2/parser.c:9846:xmlParseContent;/src/libxml2/parser.c:10014:xmlParseElement;/src/libxml2/parser.c:9846:xmlParseContent;/src/libxml2/parser.c:10014:xmlParseElement;/src/libxml2/parser.c:9846:xmlParseContent;/src/libxml2/parser.c:10014:xmlParseElement;/src/libxml2/parser.c:9846:xmlParseContent;/src/libxml2/parser.c:10014:xmlParseElement;/src/libxml2/parser.c:9846:xmlParseContent;/src/libxml2/parser.c:10014:xmlParseElement;/src/libxml2/parser.c:9846:xmlParseContent;/src/libxml2/parser.c:10014:xmlParseElement;/src/libxml2/parser.c:9846:xmlParseContent;/src/libxml2/parser.c:10014:xmlParseElement;/src/libxml2/parser.c:9846:xmlParseContent;/src/libxml2/parser.c:10014:xmlParseElement;/src/libxml2/parser.c:9846:xmlParseContent;/src/libxml2/parser.c:10014:xmlParseElement;/src/libxml2/parser.c:9846:xmlParseContent;/src/libxml2/parser.c:10014:xmlParseElement;/src/libxml2/parser.c:9846:xmlParseContent;/src/libxml2/parser.c:10014:xmlParseElement;/src/libxml2/parser.c:9846:xmlParseContent;/src/libxml2/parser.c:10014:xmlParseElement;/src/libxml2/parser.c:9846:xmlParseContent;/src/libxml2/parser.c:10014:xmlParseElement;/src/libxml2/parser.c:9846:xmlParseContent;/src/libxml2/parser.c:10014:xmlParseElement;/src/libxml2/parser.c:9846:xmlParseContent;/src/libxml2/parser.c:10014:xmlParseElement;/src/libxml2/parser.c:9846:xmlParseContent;/src/libxml2/parser.c:10014:xmlParseElement;/src/libxml2/parser.c:9846:xmlParseContent;/src/libxml2/parser.c:10014:xmlParseElement;/src/libxml2/parser.c:9846:xmlParseContent;/src/libxml2/parser.c:10014:xmlParseElement;/src/libxml2/parser.c:9846:xmlParseContent;/src/libxml2/parser.c:10014:xmlParseElement;/src/libxml2/parser.c:9846:xmlParseContent;/src/libxml2/parser.c:10014:xmlParseElement;/src/libxml2/parser.c:9846:xmlParseContent;/src/libxml2/parser.c:10014:xmlParseElement;/src/libxml2/parser.c:9846:xmlParseContent;/src/libxml2/parser.c:10014:xmlParseElement;/src/libxml2/parser.c:9846:xmlParseContent;/src/libxml2/parser.c:10014:xmlParseElement;/src/libxml2/parser.c:9846:xmlParseContent;/src/libxml2/parser.c:10014:xmlParseElement;/src/libxml2/parser.c:9846:xmlParseContent;/src/libxml2/parser.c:10014:xmlParseElement;/src/libxml2/parser.c:9846:xmlParseContent;/src/libxml2/parser.c:10014:xmlParseElement;/src/libxml2/parser.c:9846:xmlParseContent;/src/libxml2/parser.c:10014:xmlParseElement;/src/libxml2/parser.c:9846:xmlParseContent;/src/libxml2/parser.c:10014:xmlParseElement;/src/libxml2/parser.c:9846:xmlParseContent;/src/libxml2/parser.c:10014:xmlParseElement;/src/libxml2/parser.c:9846:xmlParseContent;/src/libxml2/parser.c:10014:xmlParseElement;/src/libxml2/parser.c:9846:xmlParseContent;/src/libxml2/parser.c:10014:xmlParseElement;/src/libxml2/parser.c:9846:xmlParseContent;/src/libxml2/parser.c:10014:xmlParseElement;/src/libxml2/parser.c:9846:xmlParseContent;/src/libxml2/parser.c:10014:xmlParseElement;/src/libxml2/parser.c:9846:xmlParseContent;/src/libxml2/parser.c:10014:xmlParseElement;/src/libxml2/parser.c:9846:xmlParseContent;/src/libxml2/parser.c:10014:xmlParseElement;/src/libxml2/parser.c:9846:xmlParseContent;/src/libxml2/parser.c:10014:xmlParseElement;/src/libxml2/parser.c:9846:xmlParseContent;/src/libxml2/parser.c:10014:xmlParseElement;/src/libxml2/parser.c:9846:xmlParseContent;/src/libxml2/parser.c:10014:xmlParseElement;/src/libxml2/parser.c:9846:xmlParseContent;/src/libxml2/parser.c:10014:xmlParseElement;/src/libxml2/parser.c:9846:xmlParseContent;/src/libxml2/parser.c:10014:xmlParseElement;/src/libxml2/parser.c:9846:xmlParseContent;/src/libxml2/parser.c:10014:xmlParseElement;/src/libxml2/parser.c:9846:xmlParseContent;/src/libxml2/parser.c:10014:xmlParseElement;/src/libxml2/parser.c:9846:xmlParseContent;/src/libxml2/parser.c:10014:xmlParseElement;/src/libxml2/parser.c:9846:xmlParseContent;/src/libxml2/parser.c:10014:xmlParseElement;/src/libxml2/parser.c:9846:xmlParseContent;/src/libxml2/parser.c:10014:xmlParseElement;/src/libxml2/parser.c:9846:xmlParseContent;/src/libxml2/parser.c:10014:xmlParseElement;/src/libxml2/parser.c:9846:xmlParseContent;/src/libxml2/parser.c:10014:xmlParseElement;/src/libxml2/parser.c:9846:xmlParseContent;/src/libxml2/parser.c:10014:xmlParseElement;/src/libxml2/parser.c:9846:xmlParseContent;/src/libxml2/parser.c:10014:xmlParseElement;/src/libxml2/parser.c:9846:xmlParseContent;/src/libxml2/parser.c:10014:xmlParseElement;/src/libxml2/parser.c:9846:xmlParseContent;/src/libxml2/parser.c:10014:xmlParseElement;/src/libxml2/parser.c:9846:xmlParseContent;/src/libxml2/parser.c:10014:xmlParseElement;/src/libxml2/parser.c:9846:xmlParseContent;/src/libxml2/parser.c:10014:xmlParseElement;/src/libxml2/parser.c:9846:xmlParseContent;/src/libxml2/parser.c:10014:xmlParseElement;/src/libxml2/parser.c:9846:xmlParseContent;/src/libxml2/parser.c:10014:xmlParseElement;/src/libxml2/parser.c:9846:xmlParseContent;/src/libxml2/parser.c:10014:xmlParseElement;/src/libxml2/parser.c:9846:xmlParseContent;/src/libxml2/parser.c:10014:xmlParseElement;/src/libxml2/parser.c:9846:xmlParseContent;/src/libxml2/parser.c:10014:xmlParseElement;/src/libxml2/parser.c:9846:xmlParseContent;/src/libxml2/parser.c:10014:xmlParseElement;/src/libxml2/parser.c:9846:xmlParseContent;/src/libxml2/parser.c:10014:xmlParseElement;/src/libxml2/parser.c:9846:xmlParseContent;/src/libxml2/parser.c:10014:xmlParseElement;/src/libxml2/parser.c:9846:xmlParseContent;/src/libxml2/parser.c:10014:xmlParseElement;/src/libxml2/parser.c:9846:xmlParseContent;/src/libxml2/parser.c:10014:xmlParseElement;/src/libxml2/parser.c:9846:xmlParseContent;/src/libxml2/parser.c:10014:xmlParseElement;/src/libxml2/parser.c:9846:xmlParseContent;/src/libxml2/parser.c:10014:xmlParseElement;/src/libxml2/parser.c:9846:xmlParseContent;/src/libxml2/parser.c:10014:xmlParseElement;/src/libxml2/parser.c:9846:xmlParseContent;/src/libxml2/parser.c:10014:xmlParseElement;/src/libxml2/parser.c:9846:xmlParseContent;/src/libxml2/parser.c:10014:xmlParseElement;/src/libxml2/parser.c:9846:xmlParseContent;/src/libxml2/parser.c:10014:xmlParseElement;/src/libxml2/parser.c:9846:xmlParseContent;/src/libxml2/parser.c:10014:xmlParseElement;/src/libxml2/parser.c:9846:xmlParseContent;/src/libxml2/parser.c:10014:xmlParseElement;/src/libxml2/parser.c:9846:xmlParseContent;/src/libxml2/parser.c:10014:xmlParseElement;/src/libxml2/parser.c:9846:xmlParseContent;/src/libxml2/parser.c:10014:xmlParseElement;/src/libxml2/parser.c:9846:xmlParseContent;/src/libxml2/parser.c:10014:xmlParseElement;/src/libxml2/parser.c:9846:xmlParseContent;/src/libxml2/parser.c:10014:xmlParseElement;/src/libxml2/parser.c:9846:xmlParseContent;/src/libxml2/parser.c:10014:xmlParseElement;/src/libxml2/parser.c:9846:xmlParseContent;/src/libxml2/parser.c:10014:xmlParseElement;/src/libxml2/parser.c:9846:xmlParseContent;/src/libxml2/parser.c:10014:xmlParseElement;/src/libxml2/parser.c:9846:xmlParseContent;/src/libxml2/parser.c:10014:xmlParseElement;/src/libxml2/parser.c:9846:xmlParseContent;/src/libxml2/parser.c:10014:xmlParseElement;/src/libxml2/parser.c:9846:xmlParseContent;/src/libxml2/parser.c:10014:xmlParseElement;/src/libxml2/parser.c:9846:xmlParseContent;/src/libxml2/parser.c:10014:xmlParseElement;/src/libxml2/parser.c:9846:xmlParseContent;/src/libxml2/parser.c:10014:xmlParseElement;/src/libxml2/parser.c:9846:xmlParseContent;/src/libxml2/parser.c:10014:xmlParseElement;/src/libxml2/parser.c:9846:xmlParseContent;/src/libxml2/parser.c:10014:xmlParseElement;/src/libxml2/parser.c:9846:xmlParseContent;/src/libxml2/parser.c:10014:xmlParseElement;/src/libxml2/parser.c:9846:xmlParseContent;/src/libxml2/parser.c:10014:xmlParseElement;/src/libxml2/parser.c:9846:xmlParseContent;/src/libxml2/parser.c:10014:xmlParseElement;/src/libxml2/parser.c:9846:xmlParseContent;/src/libxml2/parser.c:10014:xmlParseElement;/src/libxml2/parser.c:9846:xmlParseContent;/src/libxml2/parser.c:10014:xmlParseElement;/src/libxml2/parser.c:9846:xmlParseContent;/src/libxml2/parser.c:10014:xmlParseElement;/src/libxml2/parser.c:9846:xmlParseContent;/src/libxml2/parser.c:10014:xmlParseElement;/src/libxml2/parser.c:9846:xmlParseContent;/src/libxml2/parser.c:10014:xmlParseElement;/src/libxml2/parser.c:9846:xmlParseContent;/src/libxml2/parser.c:10014:xmlParseElement;/src/libxml2/parser.c:9846:xmlParseContent;/src/libxml2/parser.c:10014:xmlParseElement;/src/libxml2/parser.c:9846:xmlParseContent;/src/libxml2/parser.c:10014:xmlParseElement;/src/libxml2/parser.c:9846:xmlParseContent;/src/libxml2/parser.c:10014:xmlParseElement;/src/libxml2/parser.c:9846:xmlParseContent;/src/libxml2/parser.c:10014:xmlParseElement;/src/libxml2/parser.c:9846:xmlParseContent;/src/libxml2/parser.c:10014:xmlParseElement;/src/libxml2/parser.c:9846:xmlParseContent;/src/libxml2/parser.c:10014:xmlParseElement;/src/libxml2/parser.c:9846:xmlParseContent;/src/libxml2/parser.c:10014:xmlParseElement;/src/libxml2/xmlIO.c:2479:xmlFreeParserInputBuffer;/src/libxml2/parser.c:12466:xmlHaltParser;/src/libxml2/parser.c:1788:nodePush;/src/libxml2/SAX2.c:2339:xmlSAX2StartElementNs;/src/libxml2/parser.c:9583:xmlParseStartTag2;/src/libxml2/parser.c:9928:xmlParseElement;/src/libxml2/parser.c:9846:xmlParseContent;/src/libxml2/parser.c:10014:xmlParseElement;/src/libxml2/parser.c:9846:xmlParseContent;/src/libxml2/parser.c:10014:xmlParseElement;/src/libxml2/parser.c:9846:xmlParseContent;/src/libxml2/parser.c:10014:xmlParseElement;/src/libxml2/parser.c:9846:xmlParseContent;/src/libxml2/parser.c:10014:xmlParseElement;/src/libxml2/parser.c:9846:xmlParseContent;/src/libxml2/parser.c:10014:xmlParseElement;/src/libxml2/parser.c:9846:xmlParseContent;/src/libxml2/parser.c:10014:xmlParseElement;/src/libxml2/parser.c:9846:xmlParseContent;/src/libxml2/parser.c:10014:xmlParseElement;/src/libxml2/parser.c:9846:xmlParseContent;/src/libxml2/parser.c:10014:xmlParseElement;/src/libxml2/parser.c:9846:xmlParseContent;/src/libxml2/parser.c:10014:xmlParseElement;/src/libxml2/parser.c:9846:xmlParseContent;/src/libxml2/parser.c:10014:xmlParseElement;/src/libxml2/parser.c:9846:xmlParseContent;/src/libxml2/parser.c:10014:xmlParseElement;/src/llvm/projects/compiler-rt/lib/asan/asan_malloc_linux.cc:146:malloc;/src/libxml2/buf.c:172:xmlBufCreateSize;/src/libxml2/xmlIO.c:2333:xmlAllocParserInputBuffer;/src/libxml2/xmlIO.c:2932:xmlParserInputBufferCreateMem;/src/libxml2/parser.c:14384:xmlCreateMemoryParserCtxt;/src/libxml2/parser.c:13367:xmlParseBalancedChunkMemoryInternal;/src/libxml2/parser.c:7110:xmlParseReference;/src/libxml2/parser.c:9855:xmlParseContent;/src/libxml2/parser.c:10014:xmlParseElement;/src/libxml2/parser.c:10711:xmlParseDocument;/src/xmlsec/src/parser.c:556:xmlSecParseMemory,6
42470351,skia,1,-1,,,,"/src/skia/src/core/SkPath.cpp:1724:SkPath::reverseAddPath(SkPath const&);/src/skia/fuzz/FuzzCommon.cpp:145:FuzzPath(Fuzz*, SkPath*, int);/src/skia/fuzz/FuzzCanvas.cpp:1250:fuzz_canvas(Fuzz*, SkCanvas*, int);/src/skia/fuzz/FuzzCanvas.cpp:1708:make_fuzz_picture(Fuzz*, int);/src/skia/fuzz/FuzzCanvas.cpp:842:make_fuzz_imageFilter(Fuzz*, int);/src/skia/fuzz/FuzzCanvas.cpp:1741:fuzz_ImageFilter(Fuzz*);/src/llvm/projects/compiler-rt/lib/msan/msan_interceptors.cc:892:realloc;/src/skia/src/ports/SkMemory_malloc.cpp:55:sk_realloc_throw(void*, unsigned long);/src/skia/include/private/SkPathRef.h:471:SkPathRef::makeSpace(unsigned long, bool);/src/skia/src/core/SkPathRef.cpp:675:SkPathRef::growForVerb(int, float);/src/skia/src/core/SkPath.cpp:880:SkPath::cubicTo(float, float, float, float, float, float);/src/skia/src/core/SkPath.cpp:1751:SkPath::reverseAddPath(SkPath const&);/src/skia/fuzz/FuzzCommon.cpp:145:FuzzPath(Fuzz*, SkPath*, int);/src/skia/fuzz/FuzzCanvas.cpp:1250:fuzz_canvas(Fuzz*, SkCanvas*, int);/src/skia/fuzz/FuzzCanvas.cpp:1708:make_fuzz_picture(Fuzz*, int);/src/skia/fuzz/FuzzCanvas.cpp:842:make_fuzz_imageFilter(Fuzz*, int);/src/skia/fuzz/FuzzCanvas.cpp:1741:fuzz_ImageFilter(Fuzz*)",10
42470357,skia,1,-1,,,,"/src/skia/src/core/SkPath.cpp:2094:SkPath::Iter::doNext(SkPoint*);/src/skia/src/core/SkPath.cpp:62:is_degenerate(SkPath const&);/src/skia/src/core/SkPath.cpp:131:SkAutoPathBoundsUpdate::init(SkPath*);/src/skia/src/core/SkPath.cpp:1288:SkPath::addOval(SkRect const&, SkPath::Direction, unsigned int);/src/skia/src/core/SkPath.cpp:1268:SkPath::addOval(SkRect const&, SkPath::Direction);/src/skia/src/core/SkPath.cpp:1315:SkPath::addCircle(float, float, float, SkPath::Direction);/src/skia/fuzz/FuzzCommon.cpp:104:FuzzPath(Fuzz*, SkPath*, int);/src/skia/fuzz/FuzzCommon.cpp:138:FuzzPath(Fuzz*, SkPath*, int);/src/skia/fuzz/FuzzCommon.cpp:138:FuzzPath(Fuzz*, SkPath*, int);/src/skia/fuzz/FuzzCanvas.cpp:469:make_fuzz_patheffect(Fuzz*, int);/src/skia/fuzz/FuzzCanvas.cpp:931:fuzz_paint(Fuzz*, SkPaint*, int);/src/skia/fuzz/FuzzCanvas.cpp:1284:fuzz_canvas(Fuzz*, SkCanvas*, int);/src/skia/fuzz/FuzzCanvas.cpp:1708:make_fuzz_picture(Fuzz*, int);/src/skia/fuzz/FuzzCanvas.cpp:842:make_fuzz_imageFilter(Fuzz*, int);/src/skia/fuzz/FuzzCanvas.cpp:1741:fuzz_ImageFilter(Fuzz*);/src/llvm/projects/compiler-rt/lib/asan/asan_malloc_linux.cc:165:realloc;/src/skia/src/ports/SkMemory_malloc.cpp:55:sk_realloc_throw(void*, unsigned long);/src/skia/include/private/SkPathRef.h:471:SkPathRef::makeSpace(unsigned long, bool);/src/skia/src/core/SkPathRef.cpp:675:SkPathRef::growForVerb(int, float);/src/skia/src/core/SkPath.cpp:856:SkPath::conicTo(float, float, float, float, float);/src/skia/fuzz/FuzzCommon.cpp:59:FuzzPath(Fuzz*, SkPath*, int);/src/skia/fuzz/FuzzCommon.cpp:138:FuzzPath(Fuzz*, SkPath*, int);/src/skia/fuzz/FuzzCommon.cpp:138:FuzzPath(Fuzz*, SkPath*, int);/src/skia/fuzz/FuzzCanvas.cpp:469:make_fuzz_patheffect(Fuzz*, int);/src/skia/fuzz/FuzzCanvas.cpp:931:fuzz_paint(Fuzz*, SkPaint*, int);/src/skia/fuzz/FuzzCanvas.cpp:1284:fuzz_canvas(Fuzz*, SkCanvas*, int);/src/skia/fuzz/FuzzCanvas.cpp:1708:make_fuzz_picture(Fuzz*, int);/src/skia/fuzz/FuzzCanvas.cpp:842:make_fuzz_imageFilter(Fuzz*, int);/src/skia/fuzz/FuzzCanvas.cpp:1741:fuzz_ImageFilter(Fuzz*)",10
42470393,skia,1,-1,,,,"/src/skia/src/core/SkRect.cpp:72:SkRect::setBoundsCheck(SkPoint const*, int);/src/skia/include/private/SkPathRef.h:366:SkPathRef::computeBounds() const;/src/skia/include/private/SkPathRef.h:227:SkPathRef::getBounds() const;/src/skia/src/core/SkClipStack.cpp:490:SkClipStack::Element::updateBoundAndGenID(SkClipStack::Element const*);/src/skia/src/core/SkClipStack.cpp:852:SkClipStack::clipPath(SkPath const&, SkMatrix const&, SkClipOp, bool);/src/skia/src/core/SkCanvas.cpp:1414:SkCanvas::onClipPath(SkPath const&, SkClipOp, SkCanvas::ClipEdgeStyle);/src/skia/fuzz/FuzzCanvas.cpp:1255:fuzz_canvas(Fuzz*, SkCanvas*, int);/src/skia/fuzz/FuzzCanvas.cpp:1829:fuzz_ganesh(Fuzz*, GrContext*);/src/skia/fuzz/FuzzCanvas.cpp:1853:fuzz_MockGPUCanvas(Fuzz*);/src/llvm/projects/compiler-rt/lib/msan/msan_interceptors.cc:892:realloc;/src/skia/src/ports/SkMemory_malloc.cpp:55:sk_realloc_throw(void*, unsigned long);/src/skia/include/private/SkPathRef.h:471:SkPathRef::makeSpace(unsigned long, bool);/src/skia/include/private/SkPathRef.h:410:SkPathRef::resetToSize(int, int, int, int, int);/src/skia/src/core/SkPathRef.cpp:501:SkPathRef::copy(SkPathRef const&, int, int);/src/skia/src/core/SkPathRef.cpp:37:SkPathRef::Editor::Editor(sk_sp<SkPathRef>*, int, int);/src/skia/src/core/SkPath.cpp:1712:SkPath::reverseAddPath(SkPath const&);/src/skia/fuzz/FuzzCommon.cpp:139:FuzzPath(Fuzz*, SkPath*, int);/src/skia/fuzz/FuzzCanvas.cpp:1250:fuzz_canvas(Fuzz*, SkCanvas*, int);/src/skia/fuzz/FuzzCanvas.cpp:1829:fuzz_ganesh(Fuzz*, GrContext*);/src/skia/fuzz/FuzzCanvas.cpp:1853:fuzz_MockGPUCanvas(Fuzz*)",10
42470407,skia,1,-1,,,,"/src/skia/src/core/SkPathMeasure.cpp:348:SkPathMeasure::buildSegments();/src/skia/src/core/SkPathMeasure.cpp:535:SkPathMeasure::getLength();/src/skia/src/utils/SkTextOnPath.cpp:104:SkVisitTextOnPath(void const*, unsigned long, SkPaint const&, SkPath const&, SkMatrix const*, std::__1::function<void (SkPath const&)> const&);/src/skia/src/utils/SkTextOnPath.cpp:136:SkDrawTextOnPath(void const*, unsigned long, SkPaint const&, SkPath const&, SkMatrix const*, SkCanvas*);/src/skia/src/utils/SkTextOnPath.cpp:144:SkDrawTextOnPathHV(void const*, unsigned long, SkPaint const&, SkPath const&, float, float, SkCanvas*);/src/skia/fuzz/FuzzCanvas.cpp:1600:fuzz_canvas(Fuzz*, SkCanvas*, int);/src/skia/fuzz/FuzzCanvas.cpp:1708:make_fuzz_picture(Fuzz*, int);/src/skia/fuzz/FuzzCanvas.cpp:842:make_fuzz_imageFilter(Fuzz*, int);/src/skia/fuzz/FuzzCanvas.cpp:679:make_fuzz_imageFilter(Fuzz*, int);/src/skia/fuzz/FuzzCanvas.cpp:678:make_fuzz_imageFilter(Fuzz*, int);/src/skia/fuzz/FuzzCanvas.cpp:678:make_fuzz_imageFilter(Fuzz*, int);/src/skia/fuzz/FuzzCanvas.cpp:678:make_fuzz_imageFilter(Fuzz*, int);/src/skia/fuzz/FuzzCanvas.cpp:620:make_fuzz_imageFilter(Fuzz*, int);/src/skia/fuzz/FuzzCanvas.cpp:678:make_fuzz_imageFilter(Fuzz*, int);/src/skia/fuzz/FuzzCanvas.cpp:678:make_fuzz_imageFilter(Fuzz*, int);/src/skia/fuzz/FuzzCanvas.cpp:678:make_fuzz_imageFilter(Fuzz*, int);/src/skia/fuzz/FuzzCanvas.cpp:678:make_fuzz_imageFilter(Fuzz*, int);/src/skia/fuzz/FuzzCanvas.cpp:678:make_fuzz_imageFilter(Fuzz*, int);/src/skia/fuzz/FuzzCanvas.cpp:678:make_fuzz_imageFilter(Fuzz*, int);/src/skia/fuzz/FuzzCanvas.cpp:678:make_fuzz_imageFilter(Fuzz*, int);/src/skia/fuzz/FuzzCanvas.cpp:640:make_fuzz_imageFilter(Fuzz*, int);/src/skia/fuzz/FuzzCanvas.cpp:678:make_fuzz_imageFilter(Fuzz*, int);/src/skia/fuzz/FuzzCanvas.cpp:678:make_fuzz_imageFilter(Fuzz*, int);/src/skia/fuzz/FuzzCanvas.cpp:640:make_fuzz_imageFilter(Fuzz*, int);/src/skia/fuzz/FuzzCanvas.cpp:678:make_fuzz_imageFilter(Fuzz*, int);/src/skia/fuzz/FuzzCanvas.cpp:1741:fuzz_ImageFilter(Fuzz*);/src/skia/src/core/SkPath.cpp:2084:SkPath::Iter::doNext(SkPoint*);/src/skia/src/core/SkPathMeasure.cpp:336:SkPathMeasure::buildSegments();/src/skia/src/core/SkPathMeasure.cpp:535:SkPathMeasure::getLength();/src/skia/src/utils/SkTextOnPath.cpp:104:SkVisitTextOnPath(void const*, unsigned long, SkPaint const&, SkPath const&, SkMatrix const*, std::__1::function<void (SkPath const&)> const&);/src/skia/src/utils/SkTextOnPath.cpp:136:SkDrawTextOnPath(void const*, unsigned long, SkPaint const&, SkPath const&, SkMatrix const*, SkCanvas*);/src/skia/src/utils/SkTextOnPath.cpp:144:SkDrawTextOnPathHV(void const*, unsigned long, SkPaint const&, SkPath const&, float, float, SkCanvas*);/src/skia/fuzz/FuzzCanvas.cpp:1600:fuzz_canvas(Fuzz*, SkCanvas*, int);/src/skia/fuzz/FuzzCanvas.cpp:1708:make_fuzz_picture(Fuzz*, int);/src/skia/fuzz/FuzzCanvas.cpp:842:make_fuzz_imageFilter(Fuzz*, int);/src/skia/fuzz/FuzzCanvas.cpp:679:make_fuzz_imageFilter(Fuzz*, int);/src/skia/fuzz/FuzzCanvas.cpp:678:make_fuzz_imageFilter(Fuzz*, int);/src/skia/fuzz/FuzzCanvas.cpp:678:make_fuzz_imageFilter(Fuzz*, int);/src/skia/fuzz/FuzzCanvas.cpp:678:make_fuzz_imageFilter(Fuzz*, int);/src/skia/fuzz/FuzzCanvas.cpp:620:make_fuzz_imageFilter(Fuzz*, int);/src/skia/fuzz/FuzzCanvas.cpp:678:make_fuzz_imageFilter(Fuzz*, int);/src/skia/fuzz/FuzzCanvas.cpp:678:make_fuzz_imageFilter(Fuzz*, int);/src/skia/fuzz/FuzzCanvas.cpp:678:make_fuzz_imageFilter(Fuzz*, int);/src/skia/fuzz/FuzzCanvas.cpp:678:make_fuzz_imageFilter(Fuzz*, int);/src/skia/fuzz/FuzzCanvas.cpp:678:make_fuzz_imageFilter(Fuzz*, int);/src/skia/fuzz/FuzzCanvas.cpp:678:make_fuzz_imageFilter(Fuzz*, int);/src/llvm/projects/compiler-rt/lib/msan/msan_new_delete.cc:48:operator new[](unsigned long);/src/skia/src/core/SkArenaAlloc.cpp:126:SkArenaAlloc::ensureSpace(unsigned int, unsigned int);/src/skia/include/private/SkArenaAlloc.h:165:SkArenaAlloc::allocObject(unsigned int, unsigned int);/src/skia/include/private/SkArenaAlloc.h:181:char* SkArenaAlloc::commonArrayAlloc<SkPoint* SkRecord::alloc<SkPoint>(unsigned long)::RawBytes>(unsigned int);/src/skia/src/core/SkRecorder.cpp:104:SkPoint* SkRecorder::copy<SkPoint>(SkPoint const*, unsigned long);/src/skia/src/core/SkRecorder.cpp:146:SkRecorder::onDrawPoints(SkCanvas::PointMode, unsigned long, SkPoint const*, SkPaint const&);/src/skia/src/core/SkCanvas.cpp:1671:SkCanvas::drawPoints(SkCanvas::PointMode, unsigned long, SkPoint const*, SkPaint const&);/src/skia/fuzz/FuzzCanvas.cpp:1280:fuzz_canvas(Fuzz*, SkCanvas*, int);/src/skia/fuzz/FuzzCanvas.cpp:1708:make_fuzz_picture(Fuzz*, int);/src/skia/fuzz/FuzzCanvas.cpp:842:make_fuzz_imageFilter(Fuzz*, int);/src/skia/fuzz/FuzzCanvas.cpp:679:make_fuzz_imageFilter(Fuzz*, int);/src/skia/fuzz/FuzzCanvas.cpp:678:make_fuzz_imageFilter(Fuzz*, int);/src/skia/fuzz/FuzzCanvas.cpp:678:make_fuzz_imageFilter(Fuzz*, int);/src/skia/fuzz/FuzzCanvas.cpp:678:make_fuzz_imageFilter(Fuzz*, int);/src/skia/fuzz/FuzzCanvas.cpp:620:make_fuzz_imageFilter(Fuzz*, int);/src/skia/fuzz/FuzzCanvas.cpp:678:make_fuzz_imageFilter(Fuzz*, int);/src/skia/fuzz/FuzzCanvas.cpp:678:make_fuzz_imageFilter(Fuzz*, int);/src/skia/fuzz/FuzzCanvas.cpp:678:make_fuzz_imageFilter(Fuzz*, int);/src/skia/fuzz/FuzzCanvas.cpp:678:make_fuzz_imageFilter(Fuzz*, int);/src/skia/fuzz/FuzzCanvas.cpp:678:make_fuzz_imageFilter(Fuzz*, int)",5
42470537,libssh,1,-1,,,,/src/libssh/src/buffer.c:1274:ssh_buffer_unpack_va;/src/libssh/src/buffer.c:1329:_ssh_buffer_unpack;/src/libssh/src/messages.c:780:ssh_packet_userauth_request;/src/libssh/src/packet.c:462:ssh_packet_process;/src/libssh/src/packet.c:349:ssh_packet_socket_callback;/src/libssh/src/socket.c:298:ssh_socket_pollcallback;/src/libssh/src/poll.c:630:ssh_poll_ctx_dopoll;/src/libssh/src/session.c:627:ssh_handle_packets;/src/libssh/src/session.c:689:ssh_handle_packets_termination;/src/libssh/src/server.c:648:ssh_handle_key_exchange,5
42470554,imagemagick,1,-1,,,,"/src/zlib/deflate.c:1003:deflate;/src/libpng/pngwutil.c:981:png_compress_IDAT;/src/libpng/pngwutil.c:2769:png_write_filtered_row;/src/libpng/pngwrite.c:899:png_write_row;/src/imagemagick/coders/png.c:11631:WriteOnePNGImage;/src/imagemagick/coders/png.c:14196:WriteMNGImage;/src/imagemagick/MagickCore/constitute.c:1164:WriteImage;/src/imagemagick/MagickCore/constitute.c:1381:WriteImages;/src/imagemagick/MagickCore/blob.c:2432:ImagesToBlob;/src/imagemagick/Magick++/lib/Image.cpp:4910:Magick::Image::write(Magick::Blob*, std::__1::basic_string<char, std::__1::char_traits<char>, std::__1::allocator<char> > const&);/src/llvm/projects/compiler-rt/lib/msan/msan_interceptors.cc:1488:__msan_memcpy.part.51;/src/zlib/deflate.c:1176:read_buf;/src/zlib/deflate.c:1534:fill_window;/src/zlib/deflate.c:1941:deflate_slow;/src/zlib/deflate.c:1003:deflate;/src/libpng/pngwutil.c:981:png_compress_IDAT;/src/libpng/pngwutil.c:2754:png_write_filtered_row;/src/libpng/pngwrite.c:899:png_write_row;/src/imagemagick/coders/png.c:11631:WriteOnePNGImage;/src/imagemagick/coders/png.c:14196:WriteMNGImage;/src/imagemagick/MagickCore/constitute.c:1164:WriteImage;/src/imagemagick/MagickCore/constitute.c:1381:WriteImages;/src/imagemagick/MagickCore/blob.c:2432:ImagesToBlob;/src/imagemagick/Magick++/lib/Image.cpp:4910:Magick::Image::write(Magick::Blob*, std::__1::basic_string<char, std::__1::char_traits<char>, std::__1::allocator<char> > const&);/src/libpng/pngwtran.c:134:png_do_pack;/src/libpng/pngwtran.c:537:png_do_write_transformations;/src/libpng/pngwrite.c:862:png_write_row;/src/imagemagick/coders/png.c:11631:WriteOnePNGImage;/src/imagemagick/coders/png.c:14196:WriteMNGImage;/src/imagemagick/MagickCore/constitute.c:1164:WriteImage;/src/imagemagick/MagickCore/constitute.c:1381:WriteImages;/src/imagemagick/MagickCore/blob.c:2432:ImagesToBlob;/src/imagemagick/Magick++/lib/Image.cpp:4910:Magick::Image::write(Magick::Blob*, std::__1::basic_string<char, std::__1::char_traits<char>, std::__1::allocator<char> > const&);/src/llvm/projects/compiler-rt/lib/msan/msan_interceptors.cc:1488:__msan_memcpy.part.51;/src/libpng/pngwrite.c:842:png_write_row;/src/imagemagick/coders/png.c:11631:WriteOnePNGImage;/src/imagemagick/coders/png.c:14196:WriteMNGImage;/src/imagemagick/MagickCore/constitute.c:1164:WriteImage;/src/imagemagick/MagickCore/constitute.c:1381:WriteImages;/src/imagemagick/MagickCore/blob.c:2432:ImagesToBlob;/src/imagemagick/Magick++/lib/Image.cpp:4910:Magick::Image::write(Magick::Blob*, std::__1::basic_string<char, std::__1::char_traits<char>, std::__1::allocator<char> > const&);/src/llvm/projects/compiler-rt/lib/msan/msan_interceptors.cc:169:posix_memalign;/src/imagemagick/MagickCore/memory.c:266:AcquireAlignedMemory;/src/imagemagick/MagickCore/memory.c:611:AcquireVirtualMemory;/src/imagemagick/coders/png.c:11353:WriteOnePNGImage;/src/imagemagick/coders/png.c:14196:WriteMNGImage;/src/imagemagick/MagickCore/constitute.c:1164:WriteImage;/src/imagemagick/MagickCore/constitute.c:1381:WriteImages;/src/imagemagick/MagickCore/blob.c:2432:ImagesToBlob;/src/imagemagick/Magick++/lib/Image.cpp:4910:Magick::Image::write(Magick::Blob*, std::__1::basic_string<char, std::__1::char_traits<char>, std::__1::allocator<char> > const&)",25
42470563,imagemagick,1,-1,,,,"/src/zlib/deflate.c:1967:deflate_slow;/src/zlib/deflate.c:1003:deflate;/src/libpng/pngwutil.c:981:png_compress_IDAT;/src/libpng/pngwutil.c:2754:png_write_filtered_row;/src/libpng/pngwrite.c:899:png_write_row;/src/imagemagick/coders/png.c:11631:WriteOnePNGImage;/src/imagemagick/coders/png.c:12721:WritePNGImage;/src/imagemagick/MagickCore/constitute.c:1164:WriteImage;/src/imagemagick/MagickCore/blob.c:2025:ImageToBlob;/src/imagemagick/MagickCore/blob.c:2413:ImagesToBlob;/src/imagemagick/Magick++/lib/Image.cpp:4910:Magick::Image::write(Magick::Blob*, std::__1::basic_string<char, std::__1::char_traits<char>, std::__1::allocator<char> > const&);/src/llvm/projects/compiler-rt/lib/msan/msan_interceptors.cc:1488:__msan_memcpy.part.51;/src/zlib/deflate.c:1176:read_buf;/src/zlib/deflate.c:1534:fill_window;/src/zlib/deflate.c:1941:deflate_slow;/src/zlib/deflate.c:1003:deflate;/src/libpng/pngwutil.c:981:png_compress_IDAT;/src/libpng/pngwutil.c:2754:png_write_filtered_row;/src/libpng/pngwrite.c:899:png_write_row;/src/imagemagick/coders/png.c:11631:WriteOnePNGImage;/src/imagemagick/coders/png.c:12721:WritePNGImage;/src/imagemagick/MagickCore/constitute.c:1164:WriteImage;/src/imagemagick/MagickCore/blob.c:2025:ImageToBlob;/src/imagemagick/MagickCore/blob.c:2413:ImagesToBlob;/src/imagemagick/Magick++/lib/Image.cpp:4910:Magick::Image::write(Magick::Blob*, std::__1::basic_string<char, std::__1::char_traits<char>, std::__1::allocator<char> > const&);/src/libpng/pngwtran.c:134:png_do_pack;/src/libpng/pngwtran.c:537:png_do_write_transformations;/src/libpng/pngwrite.c:862:png_write_row;/src/imagemagick/coders/png.c:11631:WriteOnePNGImage;/src/imagemagick/coders/png.c:12721:WritePNGImage;/src/imagemagick/MagickCore/constitute.c:1164:WriteImage;/src/imagemagick/MagickCore/blob.c:2025:ImageToBlob;/src/imagemagick/MagickCore/blob.c:2413:ImagesToBlob;/src/imagemagick/Magick++/lib/Image.cpp:4910:Magick::Image::write(Magick::Blob*, std::__1::basic_string<char, std::__1::char_traits<char>, std::__1::allocator<char> > const&);/src/llvm/projects/compiler-rt/lib/msan/msan_interceptors.cc:1488:__msan_memcpy.part.51;/src/libpng/pngwrite.c:842:png_write_row;/src/imagemagick/coders/png.c:11631:WriteOnePNGImage;/src/imagemagick/coders/png.c:12721:WritePNGImage;/src/imagemagick/MagickCore/constitute.c:1164:WriteImage;/src/imagemagick/MagickCore/blob.c:2025:ImageToBlob;/src/imagemagick/MagickCore/blob.c:2413:ImagesToBlob;/src/imagemagick/Magick++/lib/Image.cpp:4910:Magick::Image::write(Magick::Blob*, std::__1::basic_string<char, std::__1::char_traits<char>, std::__1::allocator<char> > const&);/src/llvm/projects/compiler-rt/lib/msan/msan_interceptors.cc:169:posix_memalign;/src/imagemagick/MagickCore/memory.c:266:AcquireAlignedMemory;/src/imagemagick/MagickCore/memory.c:611:AcquireVirtualMemory;/src/imagemagick/coders/png.c:11353:WriteOnePNGImage;/src/imagemagick/coders/png.c:12721:WritePNGImage;/src/imagemagick/MagickCore/constitute.c:1164:WriteImage;/src/imagemagick/MagickCore/blob.c:2025:ImageToBlob;/src/imagemagick/MagickCore/blob.c:2413:ImagesToBlob;/src/imagemagick/Magick++/lib/Image.cpp:4910:Magick::Image::write(Magick::Blob*, std::__1::basic_string<char, std::__1::char_traits<char>, std::__1::allocator<char> > const&)",25
42470635,aom,1,-1,,,,/src/aom/av1/common/av1_loopfilter.c:1326:filter_selectively_horiz;/src/aom/av1/common/av1_loopfilter.c:1766:av1_filter_block_plane_bitmask_horz;/src/aom/av1/common/av1_loopfilter.c:2379:loop_filter_rows;/src/aom/av1/common/av1_loopfilter.c:2466:av1_loop_filter_frame;/src/aom/av1/decoder/decodeframe.c:5524:av1_decode_tg_tiles_and_wrapup;/src/aom/av1/decoder/obu.c:342:read_one_tile_group_obu;/src/aom/av1/decoder/obu.c:783:aom_decode_frame_from_obus;/src/aom/av1/decoder/decoder.c:500:av1_receive_compressed_data;/src/aom/av1/av1_dx_iface.c:357:frame_worker_hook;/src/aom/aom_util/aom_thread.c:153:execute;/src/aom/av1/av1_dx_iface.c:515:decode_one;/src/aom/av1/av1_dx_iface.c:604:decoder_decode;/src/aom/aom/src/aom_decoder.c:109:aom_codec_decode,5
42470667,imagemagick,1,-1,,,,/src/imagemagick/coders/psd.c:1723:ReadPSDLayersInternal;/src/imagemagick/coders/psd.c:1990:ReadPSDLayers;/src/imagemagick/coders/tiff.c:1203:TIFFReadPhotoshopLayers;/src/imagemagick/coders/tiff.c:2253:ReadTIFFImage;/src/imagemagick/MagickCore/constitute.c:500:ReadImage;/src/imagemagick/MagickCore/stream.c:1043:ReadStream;/src/imagemagick/MagickCore/blob.c:3485:PingBlob;/src/imagemagick/Magick++/lib/Image.cpp:3847:Magick::Image::ping(Magick::Blob const&);/src/imagemagick/coders/tiff.c:1137:TIFFReadPhotoshopLayers,5
42470692,botan,1,-1,,,,"/src/botan/src/fuzzer/mode_padding.cpp:63:ref_oneandzero_unpad(unsigned char const*, unsigned long);/src/botan/src/fuzzer/mode_padding.cpp:139:fuzz(unsigned char const*, unsigned long);/src/llvm/projects/compiler-rt/lib/asan/asan_new_delete.cc:106:operator new(unsigned long)",5
42470716,file,1,-1,,,,/src/file/src/softmagic.c:108:file_softmagic;/src/file/src/softmagic.c:1560:mget;/src/file/src/softmagic.c:295:match;/src/file/src/softmagic.c:108:file_softmagic;/src/file/src/funcs.c:254:file_buffer;/src/file/src/magic.c:547:magic_buffer;/src/file/src/softmagic.c:1904:magiccheck;/src/file/src/softmagic.c:312:match;/src/file/src/softmagic.c:108:file_softmagic;/src/file/src/softmagic.c:1560:mget;/src/file/src/softmagic.c:295:match;/src/file/src/softmagic.c:108:file_softmagic;/src/file/src/funcs.c:254:file_buffer;/src/file/src/magic.c:547:magic_buffer;/src/file/src/softmagic.c:1706:magiccheck,12
42470745,open62541,1,-1,,,,/src/open62541/src/ua_workqueue.c:251:UA_WorkQueue_manuallyProcessDelayed;/src/open62541/src/ua_workqueue.c:61:UA_WorkQueue_cleanup;/src/open62541/src/server/ua_server.c:218:UA_Server_delete;/src/open62541/src/ua_workqueue.c:255:UA_WorkQueue_manuallyProcessDelayed;/src/open62541/src/ua_workqueue.c:61:UA_WorkQueue_cleanup;/src/open62541/src/server/ua_server.c:553:UA_Server_run_shutdown;/src/llvm/projects/compiler-rt/lib/asan/asan_malloc_linux.cc:146:malloc;/src/open62541/src/server/ua_session_manager.c:142:UA_SessionManager_createSession;/src/open62541/src/server/ua_services_session.c:107:Service_CreateSession;/src/open62541/src/server/ua_server_binary.c:458:processMSG;/src/open62541/src/server/ua_server_binary.c:628:processSecureChannelMessage;/src/open62541/src/ua_securechannel.c:927:processMessage;/src/open62541/src/ua_securechannel.c:968:UA_SecureChannel_processCompleteMessages;/src/open62541/src/server/ua_server_binary.c:785:UA_Server_processBinaryMessage,10
42470761,imagemagick,1,-1,,,,"/src/libpng/pngwtran.c:537:png_do_write_transformations;/src/libpng/pngwrite.c:862:png_write_row;/src/imagemagick/coders/png.c:11631:WriteOnePNGImage;/src/imagemagick/coders/png.c:12721:WritePNGImage;/src/imagemagick/MagickCore/constitute.c:1164:WriteImage;/src/imagemagick/MagickCore/blob.c:2025:ImageToBlob;/src/imagemagick/MagickCore/blob.c:2413:ImagesToBlob;/src/imagemagick/Magick++/lib/Image.cpp:4910:Magick::Image::write(Magick::Blob*, std::__1::basic_string<char, std::__1::char_traits<char>, std::__1::allocator<char> > const&);/src/libpng/pngmem.c:91:png_malloc_base;/src/libpng/pngmem.c:179:png_malloc;/src/libpng/pngwutil.c:1925:png_write_start_row;/src/libpng/pngwrite.c:754:png_write_row;/src/imagemagick/coders/png.c:11631:WriteOnePNGImage;/src/imagemagick/coders/png.c:12721:WritePNGImage;/src/imagemagick/MagickCore/constitute.c:1164:WriteImage;/src/imagemagick/MagickCore/blob.c:2025:ImageToBlob;/src/imagemagick/MagickCore/blob.c:2413:ImagesToBlob;/src/imagemagick/Magick++/lib/Image.cpp:4910:Magick::Image::write(Magick::Blob*, std::__1::basic_string<char, std::__1::char_traits<char>, std::__1::allocator<char> > const&)",11
42470784,openvswitch,1,-1,,,,/src/openvswitch/ovn/lib/lex.c:341:lex_parse_hex_integer;/src/openvswitch/ovn/lib/lex.c:416:lex_parse_integer__;/src/openvswitch/ovn/lib/lex.c:446:lex_parse_mask;/src/openvswitch/ovn/lib/lex.c:845:lexer_get;/src/openvswitch/ovn/lib/expr.c:1288:expr_parse_string;/src/openvswitch/tests/oss-fuzz/expr_parse_target.c:361:test_parse_expr,3
42470799,harfbuzz,1,-1,,,,"/src/harfbuzz/src/hb-ot-shape.cc:802:hb_ot_position(hb_ot_shape_context_t*);/src/harfbuzz/src/hb-ot-shape.cc:877:hb_ot_shape_internal(hb_ot_shape_context_t*);/src/harfbuzz/src/hb-ot-shape.cc:904:_hb_ot_shape;/src/harfbuzz/src/hb-shaper-list.hh:43:hb_shape_plan_execute;/src/harfbuzz/src/hb-shape.cc:141:hb_shape_full;/src/llvm/projects/compiler-rt/lib/msan/msan_interceptors.cc:892:realloc;/src/harfbuzz/src/hb-buffer.cc:138:hb_buffer_t::enlarge(unsigned int);/src/harfbuzz/src/hb-buffer.hh:281:hb_buffer_t::ensure(unsigned int);/src/harfbuzz/src/hb-buffer.cc:1534:void hb_buffer_add_utf<hb_utf8_t>(hb_buffer_t*, hb_utf8_t::codepoint_t const*, int, unsigned int, int)",10
